timestamp,Meta_Model,Simple_Avg,LGBM_Single,Buy_and_Hold
2026-01-08 12:00:00+00:00,10000.0,10000.0,10000.0,10000.0
2026-01-08 13:00:00+00:00,10000.0,10000.0,10000.0,9979.001407959764
2026-01-08 14:00:00+00:00,10000.0,10000.0,10000.0,9985.864304030381
2026-01-08 15:00:00+00:00,10000.0,10000.0,10000.0,10069.896234647129
2026-01-08 16:00:00+00:00,10000.0,10000.0,10000.0,10086.010230318354
2026-01-08 17:00:00+00:00,10000.0,10000.0,10000.0,10134.767074796138
2026-01-08 18:00:00+00:00,10000.0,10000.0,10000.0,10107.14244836286
2026-01-08 19:00:00+00:00,10000.0,10000.0,10000.0,10087.1827018145
2026-01-08 20:00:00+00:00,10000.0,10000.0,10000.0,10086.096751393756
2026-01-08 21:00:00+00:00,10000.0,10000.0,10000.0,10124.403402905435
2026-01-08 22:00:00+00:00,10000.0,10000.0,10000.0,10119.84884475674
2026-01-08 23:00:00+00:00,10000.0,10000.0,10000.0,10105.216799812903
2026-01-09 00:00:00+00:00,10000.0,10000.0,10000.0,10126.330160699948
2026-01-09 01:00:00+00:00,10000.0,10000.0,10000.0,10100.358308655748
2026-01-09 02:00:00+00:00,10000.0,10000.0,10000.0,10098.38274410075
2026-01-09 03:00:00+00:00,10000.0,10000.0,10000.0,10118.554356359391
2026-01-09 04:00:00+00:00,10000.0,10000.0,10000.0,10095.54529652541
2026-01-09 05:00:00+00:00,10000.0,10000.0,10000.0,10104.310547010304
2026-01-09 06:00:00+00:00,10000.0,10000.0,10000.0,10109.38645010052
2026-01-09 07:00:00+00:00,10000.0,10000.0,10000.0,10065.489206024446
2026-01-09 08:00:00+00:00,10000.0,10000.0,10000.0,9986.91919560355
2026-01-09 09:00:00+00:00,10000.0,10000.0,10000.0,10020.74449910726
2026-01-09 10:00:00+00:00,10000.0,10000.0,10000.0,10037.095873113562
2026-01-09 11:00:00+00:00,10000.0,10000.0,10000.0,10034.571232503133
2026-01-09 12:00:00+00:00,10000.0,10000.0,10000.0,10033.03160105881
2026-01-09 13:00:00+00:00,10000.0,10000.0,10000.0,10050.605362566299
2026-01-09 14:00:00+00:00,10000.0,10000.0,10000.0,9999.839676196822
2026-01-09 15:00:00+00:00,10000.0,10000.0,10000.0,10113.700302180467
2026-01-09 16:00:00+00:00,10000.0,10000.0,10000.0,10163.330122124158
2026-01-09 17:00:00+00:00,10000.0,10000.0,10000.0,10140.961096399235
2026-01-09 18:00:00+00:00,10000.0,10000.0,10000.0,10074.193448058733
2026-01-09 19:00:00+00:00,10000.0,10000.0,10000.0,10020.044565792152
2026-01-09 20:00:00+00:00,10000.0,10000.0,10000.0,10016.851050714196
2026-01-09 21:00:00+00:00,10000.0,10000.0,10000.0,10043.318735075121
2026-01-09 22:00:00+00:00,10000.0,10000.0,10000.0,10053.09228886181
2026-01-09 23:00:00+00:00,10000.0,10000.0,10000.0,10054.334642765009
2026-01-10 00:00:00+00:00,10000.0,10000.0,10000.0,10049.755681236074
2026-01-10 01:00:00+00:00,10000.0,10000.0,10000.0,10059.517033332639
2026-01-10 02:00:00+00:00,10000.0,10000.0,10000.0,10060.534210590884
2026-01-10 03:00:00+00:00,10000.0,10000.0,10000.0,10052.655246506576
2026-01-10 04:00:00+00:00,10000.0,10000.0,10000.0,10032.928441315065
2026-01-10 05:00:00+00:00,10000.0,10000.0,10000.0,10050.146135319937
2026-01-10 06:00:00+00:00,10000.0,10000.0,10000.0,10039.269992444162
2026-01-10 07:00:00+00:00,10000.0,10000.0,10000.0,10058.463251004032
2026-01-10 08:00:00+00:00,10000.0,10000.0,10000.0,10056.627451263144
2026-01-10 09:00:00+00:00,10000.0,10000.0,10000.0,10068.49747726148
2026-01-10 10:00:00+00:00,10000.0,10000.0,10000.0,10075.04645712263
2026-01-10 11:00:00+00:00,10000.0,10000.0,10000.0,10063.49478431199
2026-01-10 12:00:00+00:00,10000.0,10000.0,10000.0,10064.587390200073
2026-01-10 13:00:00+00:00,10000.0,10000.0,10000.0,10056.02402222445
2026-01-10 14:00:00+00:00,10000.0,10000.0,10000.0,10048.758470379847
2026-01-10 15:00:00+00:00,10000.0,10000.0,10000.0,10057.04896419459
2026-01-10 16:00:00+00:00,10000.0,10000.0,10000.0,10058.259150005653
2026-01-10 17:00:00+00:00,10000.0,10000.0,10000.0,10043.650399197499
2026-01-10 18:00:00+00:00,10000.0,10000.0,10000.0,10049.269832120362
2026-01-10 19:00:00+00:00,10000.0,10000.0,10000.0,10052.699616288839
2026-01-10 20:00:00+00:00,10000.0,10000.0,10000.0,10046.745191509934
2026-01-10 21:00:00+00:00,10000.0,10000.0,10000.0,10039.854564325406
2026-01-10 22:00:00+00:00,10000.0,10000.0,10000.0,10030.650052996167
2026-01-10 23:00:00+00:00,10000.0,10000.0,10000.0,10039.184580613322
2026-01-11 00:00:00+00:00,10000.0,10000.0,10000.0,10054.241466222276
2026-01-11 01:00:00+00:00,10000.0,10000.0,10000.0,10052.887078618875
2026-01-11 02:00:00+00:00,10000.0,10000.0,10000.0,10060.737202344713
2026-01-11 03:00:00+00:00,10000.0,10000.0,10000.0,10064.56409606439
2026-01-11 04:00:00+00:00,10000.0,10000.0,10000.0,10070.329949268702
2026-01-11 05:00:00+00:00,10000.0,10000.0,10000.0,10069.104234033848
2026-01-11 06:00:00+00:00,10000.0,10000.0,10000.0,10065.72880284864
2026-01-11 07:00:00+00:00,10000.0,10000.0,10000.0,10062.045001676743
2026-01-11 08:00:00+00:00,10000.0,10000.0,10000.0,10070.832437052764
2026-01-11 09:00:00+00:00,10000.0,10000.0,10000.0,10065.287323515182
2026-01-11 10:00:00+00:00,10000.0,10000.0,10000.0,10064.915726588779
2026-01-11 11:00:00+00:00,10000.0,10000.0,10000.0,10066.947862616156
2026-01-11 12:00:00+00:00,10000.0,10000.0,10000.0,10087.262567422575
2026-01-11 13:00:00+00:00,10000.0,10000.0,10000.0,10077.425786696173
2026-01-11 14:00:00+00:00,10000.0,10000.0,10000.0,10108.23061727273
2026-01-11 15:00:00+00:00,10000.0,10000.0,10000.0,10080.3475368578
2026-01-11 16:00:00+00:00,10000.0,10000.0,10000.0,10098.468155931605
2026-01-11 17:00:00+00:00,10000.0,10000.0,10000.0,10092.647949744029
2026-01-11 18:00:00+00:00,10000.0,10000.0,10000.0,10081.55550417975
2026-01-11 19:00:00+00:00,10000.0,10000.0,10000.0,10059.827621808443
2026-01-11 20:00:00+00:00,10000.0,10000.0,10000.0,10061.764362803964
2026-01-11 21:00:00+00:00,10000.0,10000.0,10000.0,10067.177476239332
2026-01-11 22:00:00+00:00,10000.0,10000.0,10000.0,10041.549490007626
2026-01-11 23:00:00+00:00,10000.0,10000.0,10000.0,10095.639582312715
2026-01-12 00:00:00+00:00,10000.0,10000.0,10000.0,10122.816073945196
2026-01-12 01:00:00+00:00,10000.0,10000.0,10000.0,10139.875145978502
2026-01-12 02:00:00+00:00,10000.0,10000.0,10000.0,10227.629701326618
2026-01-12 03:00:00+00:00,10000.0,10000.0,10000.0,10183.765734587236
2026-01-12 04:00:00+00:00,10000.0,10000.0,10000.0,10224.54821994886
2026-01-12 05:00:00+00:00,10000.0,10000.0,10000.0,10217.457928744174
2026-01-12 06:00:00+00:00,10000.0,10000.0,10000.0,10186.896022725474
2026-01-12 07:00:00+00:00,10000.0,10000.0,10000.0,10139.392624596452
2026-01-12 08:00:00+00:00,10000.0,10000.0,10000.0,10066.646148096805
2026-01-12 09:00:00+00:00,10000.0,10000.0,10000.0,10059.255251617325
2026-01-12 10:00:00+00:00,10000.0,10000.0,10000.0,10031.282322393328
2026-01-12 11:00:00+00:00,10000.0,10000.0,10000.0,10052.08065782635
2026-01-12 12:00:00+00:00,10000.0,10000.0,10000.0,10070.761445401151
2026-01-12 13:00:00+00:00,10000.0,10000.0,10000.0,10053.750070883774
2026-01-12 14:00:00+00:00,10000.0,10000.0,10000.0,10084.025791806915
2026-01-12 15:00:00+00:00,10000.0,10000.0,10000.0,10167.89022649564
2026-01-12 16:00:00+00:00,10000.0,10000.0,10000.0,10218.751307896968
2026-01-12 17:00:00+00:00,10000.0,10000.0,10000.0,10152.120096636905
2026-01-12 18:00:00+00:00,10000.0,10000.0,10000.0,10170.863001906864
2026-01-12 19:00:00+00:00,10000.0,10000.0,10000.0,10189.661369404646
2026-01-12 20:00:00+00:00,10000.0,10000.0,10000.0,10147.908295056144
2026-01-12 21:00:00+00:00,10000.0,10000.0,10000.0,10100.245165710998
2026-01-12 22:00:00+00:00,10000.0,10000.0,10000.0,10121.300845881111
2026-01-12 23:00:00+00:00,10000.0,10000.0,10000.0,10126.981287254577
2026-01-13 00:00:00+00:00,10000.0,10000.0,10000.0,10147.673135210181
2026-01-13 01:00:00+00:00,10000.0,10000.0,10000.0,10114.685311346577
2026-01-13 02:00:00+00:00,10000.0,10000.0,10000.0,10107.247826595729
2026-01-13 03:00:00+00:00,10000.0,10000.0,10000.0,10139.483582650077
2026-01-13 04:00:00+00:00,10000.0,10000.0,10000.0,10151.269306062122
2026-01-13 05:00:00+00:00,10000.0,10000.0,10000.0,10196.285777895633
2026-01-13 06:00:00+00:00,10000.0,10000.0,10000.0,10225.499951778273
2026-01-13 07:00:00+00:00,10000.0,10000.0,10000.0,10198.616300708687
2026-01-13 08:00:00+00:00,10000.0,10000.0,10000.0,10223.452286327103
2026-01-13 09:00:00+00:00,10000.0,10000.0,10000.0,10234.935185975246
2026-01-13 10:00:00+00:00,10000.0,10000.0,10000.0,10219.317022620742
2026-01-13 11:00:00+00:00,10000.0,10000.0,10000.0,10205.132003233144
2026-01-13 12:00:00+00:00,10000.0,10000.0,10000.0,10217.179508360505
2026-01-13 13:00:00+00:00,10000.0,10000.0,10000.0,10213.493488699494
2026-01-13 14:00:00+00:00,10000.0,10000.0,10000.0,10256.300345376601
2026-01-13 15:00:00+00:00,10000.0,10000.0,10000.0,10365.889270573443
2026-01-13 16:00:00+00:00,10000.0,10000.0,10000.0,10359.193870430845
2026-01-13 17:00:00+00:00,10000.0,10000.0,10000.0,10342.816983799745
2026-01-13 18:00:00+00:00,10000.0,10000.0,10000.0,10386.268311564136
2026-01-13 19:00:00+00:00,10000.0,10000.0,10000.0,10452.060933939536
2026-01-13 20:00:00+00:00,10000.0,10000.0,10000.0,10472.233655442731
2026-01-13 21:00:00+00:00,10000.0,10000.0,10000.0,10436.574770687246
2026-01-13 22:00:00+00:00,10000.0,10000.0,10000.0,10621.816393121579
2026-01-13 23:00:00+00:00,10000.0,10000.0,10000.0,10583.74601070042
2026-01-14 00:00:00+00:00,10000.0,10000.0,10000.0,10564.094634138746
2026-01-14 01:00:00+00:00,10000.0,10000.0,10000.0,10565.06633237018
2026-01-14 02:00:00+00:00,10000.0,10000.0,10000.0,10576.365097421954
2026-01-14 03:00:00+00:00,10000.0,10000.0,10000.0,10617.798709338202
2026-01-14 04:00:00+00:00,10000.0,10000.0,10000.0,10565.017525609697
2026-01-14 05:00:00+00:00,10000.0,10000.0,10000.0,10538.377908342527
2026-01-14 06:00:00+00:00,10000.0,10000.0,10000.0,10541.025675098721
2026-01-14 07:00:00+00:00,10000.0,10000.0,10000.0,10560.573891916649
2026-01-14 08:00:00+00:00,10000.0,10000.0,10000.0,10526.731949744591
2026-01-14 09:00:00+00:00,10000.0,10000.0,10000.0,10547.611260030235
2026-01-14 10:00:00+00:00,10000.0,10000.0,10000.0,10548.000604869538
2026-01-14 11:00:00+00:00,10000.0,10000.0,10000.0,10514.860814501702
2026-01-14 12:00:00+00:00,10000.0,10000.0,10000.0,10546.426586843967
2026-01-14 13:00:00+00:00,10000.0,10000.0,10000.0,10537.622512799599
2026-01-14 14:00:00+00:00,10000.0,10000.0,10000.0,10703.45013700733
2026-01-14 15:00:00+00:00,10000.0,10000.0,10000.0,10733.557252757895
2026-01-14 16:00:00+00:00,10000.0,10000.0,10000.0,10792.199684722564
2026-01-14 17:00:00+00:00,10000.0,10000.0,10000.0,10754.799286013485
2026-01-14 18:00:00+00:00,10000.0,10000.0,10000.0,10738.213861405777
2026-01-14 19:00:00+00:00,10000.0,10000.0,10000.0,10789.335615277863
2026-01-14 20:00:00+00:00,10000.0,10000.0,10000.0,10832.358774643473
2026-01-14 21:00:00+00:00,10000.0,10000.0,10000.0,10822.233590332402
2026-01-14 22:00:00+00:00,10000.0,10000.0,10000.0,10746.177128076371
2026-01-14 23:00:00+00:00,10000.0,10000.0,10000.0,10754.323420098777
2026-01-15 00:00:00+00:00,10000.0,10000.0,10000.0,10721.73936125371
2026-01-15 01:00:00+00:00,10000.0,10000.0,10000.0,10698.143511049379
2026-01-15 02:00:00+00:00,10000.0,10000.0,10000.0,10686.45207342463
2026-01-15 03:00:00+00:00,10000.0,10000.0,10000.0,10647.094967318017
2026-01-15 04:00:00+00:00,10000.0,10000.0,10000.0,10683.829819293236
2026-01-15 05:00:00+00:00,10000.0,10000.0,10000.0,10696.413089541353
2026-01-15 06:00:00+00:00,10000.0,10000.0,10000.0,10675.788905503689
2026-01-15 07:00:00+00:00,10000.0,10000.0,10000.0,10718.683392500752
2026-01-15 08:00:00+00:00,10000.0,10000.0,10000.0,10720.072166685399
2026-01-15 09:00:00+00:00,10000.0,10000.0,10000.0,10764.192368917316
2026-01-15 10:00:00+00:00,10000.0,10000.0,10000.0,10739.559375052722
2026-01-15 11:00:00+00:00,10000.0,10000.0,10000.0,10713.203724392
2026-01-15 12:00:00+00:00,10000.0,10000.0,10000.0,10757.636733588826
2026-01-15 13:00:00+00:00,10000.0,10000.0,10000.0,10742.673024522615
2026-01-15 14:00:00+00:00,10000.0,10000.0,10000.0,10655.783679928512
2026-01-15 15:00:00+00:00,10000.0,10000.0,10000.0,10730.503502494044
2026-01-15 16:00:00+00:00,10000.0,10000.0,10000.0,10730.66656144384
2026-01-15 17:00:00+00:00,10000.0,10000.0,10000.0,10719.334519055375
2026-01-15 18:00:00+00:00,10000.0,10000.0,10000.0,10630.445206526032
2026-01-15 19:00:00+00:00,10000.0,10000.0,10000.0,10595.06141442054
2026-01-15 20:00:00+00:00,10000.0,10000.0,10000.0,10566.737963916712
2026-01-15 21:00:00+00:00,10000.0,10000.0,10000.0,10602.641991719169
2026-01-15 22:00:00+00:00,10000.0,10000.0,10000.0,10602.588747980457
2026-01-15 23:00:00+00:00,10000.0,10000.0,10000.0,10604.910396837062
2026-01-16 00:00:00+00:00,10000.0,10000.0,10000.0,10608.093928714008
2026-01-16 01:00:00+00:00,10000.0,10000.0,10000.0,10611.497091013129
2026-01-16 02:00:00+00:00,10000.0,10000.0,10000.0,10593.773581490526
2026-01-16 03:00:00+00:00,10000.0,10000.0,10000.0,10577.167081236248
2026-01-16 04:00:00+00:00,10000.0,10000.0,10000.0,10566.80673707921
2026-01-16 05:00:00+00:00,10000.0,10000.0,10000.0,10611.074468837134
2026-01-16 06:00:00+00:00,10000.0,10000.0,10000.0,10620.041601831295
2026-01-16 07:00:00+00:00,10000.0,10000.0,10000.0,10610.274703511948
2026-01-16 08:00:00+00:00,10000.0,10000.0,10000.0,10612.808218078828
2026-01-16 09:00:00+00:00,10000.0,10000.0,10000.0,10605.878767334825
2026-01-16 10:00:00+00:00,10000.0,10000.0,10000.0,10571.915917506118
2026-01-16 11:00:00+00:00,10000.0,10000.0,10000.0,10585.419860736069
2026-01-16 12:00:00+00:00,10000.0,10000.0,10000.0,10588.687695199305
2026-01-16 13:00:00+00:00,10000.0,10000.0,10000.0,10587.613946468684
2026-01-16 14:00:00+00:00,10000.0,10000.0,10000.0,10559.160714351754
2026-01-16 15:00:00+00:00,10000.0,10000.0,10000.0,10491.898342939083
2026-01-16 16:00:00+00:00,10000.0,10000.0,10000.0,10523.685964192635
2026-01-16 17:00:00+00:00,10000.0,10000.0,10000.0,10546.26241864961
2026-01-16 18:00:00+00:00,10000.0,10000.0,10000.0,10537.955286166523
2026-01-16 19:00:00+00:00,10000.0,10000.0,10000.0,10538.0551181766
2026-01-16 20:00:00+00:00,10000.0,10000.0,10000.0,10599.231064708152
2026-01-16 21:00:00+00:00,10000.0,10000.0,10000.0,10595.894457082417
2026-01-16 22:00:00+00:00,10000.0,10000.0,10000.0,10594.838456264699
2026-01-16 23:00:00+00:00,10000.0,10000.0,10000.0,10598.936005656144
2026-01-17 00:00:00+00:00,10000.0,10000.0,10000.0,10589.510754660176
2026-01-17 01:00:00+00:00,10000.0,10000.0,10000.0,10582.185303609525
2026-01-17 02:00:00+00:00,10000.0,10000.0,10000.0,10579.015082667256
2026-01-17 03:00:00+00:00,10000.0,10000.0,10000.0,10579.192561796284
2026-01-17 04:00:00+00:00,10000.0,10000.0,10000.0,10571.504387775683
2026-01-17 05:00:00+00:00,10000.0,10000.0,10000.0,10573.726204622208
2026-01-17 06:00:00+00:00,10000.0,10000.0,10000.0,10564.452920130472
2026-01-17 07:00:00+00:00,10000.0,10000.0,10000.0,10549.10097546951
2026-01-17 08:00:00+00:00,10000.0,10000.0,10000.0,10565.278198080452
2026-01-17 09:00:00+00:00,10000.0,10000.0,10000.0,10566.735745427597
2026-01-17 10:00:00+00:00,10000.0,10000.0,10000.0,10550.743766657577
2026-01-17 11:00:00+00:00,10000.0,10000.0,10000.0,10573.747280268777
2026-01-17 12:00:00+00:00,10000.0,10000.0,10000.0,10565.68196309899
2026-01-17 13:00:00+00:00,10000.0,10000.0,10000.0,10586.44369346165
2026-01-17 14:00:00+00:00,10000.0,10000.0,10000.0,10590.088671074069
2026-01-17 15:00:00+00:00,10000.0,10000.0,10000.0,10601.45399079923
2026-01-17 16:00:00+00:00,10000.0,10000.0,10000.0,10572.79000221658
2026-01-17 17:00:00+00:00,10000.0,10000.0,10000.0,10577.44993859813
2026-01-17 18:00:00+00:00,10000.0,10000.0,10000.0,10585.326684193324
2026-01-17 19:00:00+00:00,10000.0,10000.0,10000.0,10570.144453949497
2026-01-17 20:00:00+00:00,10000.0,10000.0,10000.0,10579.772696699289
2026-01-17 21:00:00+00:00,10000.0,10000.0,10000.0,10571.426740656727
2026-01-17 22:00:00+00:00,10000.0,10000.0,10000.0,10556.788040245548
2026-01-17 23:00:00+00:00,10000.0,10000.0,10000.0,10554.214592874636
2026-01-18 00:00:00+00:00,10000.0,10000.0,10000.0,10550.298959590446
2026-01-18 01:00:00+00:00,10000.0,10000.0,10000.0,10534.151686582525
2026-01-18 02:00:00+00:00,10000.0,10000.0,10000.0,10540.264733333
2026-01-18 03:00:00+00:00,10000.0,10000.0,10000.0,10560.040345284995
2026-01-18 04:00:00+00:00,10000.0,10000.0,10000.0,10548.436537980204
2026-01-18 05:00:00+00:00,10000.0,10000.0,10000.0,10558.73809217575
2026-01-18 06:00:00+00:00,10000.0,10000.0,10000.0,10556.839065495145
2026-01-18 07:00:00+00:00,10000.0,10000.0,10000.0,10540.959120425327
2026-01-18 08:00:00+00:00,10000.0,10000.0,10000.0,10558.22562119068
2026-01-18 09:00:00+00:00,10000.0,10000.0,10000.0,10568.408486218688
2026-01-18 10:00:00+00:00,10000.0,10000.0,10000.0,10557.862898220728
2026-01-18 11:00:00+00:00,10000.0,10000.0,10000.0,10556.46525007963
2026-01-18 12:00:00+00:00,10000.0,10000.0,10000.0,10550.38548066585
2026-01-18 13:00:00+00:00,10000.0,10000.0,10000.0,10554.109214641778
2026-01-18 14:00:00+00:00,10000.0,10000.0,10000.0,10532.919315880335
2026-01-18 15:00:00+00:00,10000.0,10000.0,10000.0,10551.054355133374
2026-01-18 16:00:00+00:00,10000.0,10000.0,10000.0,10556.608342627407
2026-01-18 17:00:00+00:00,10000.0,10000.0,10000.0,10568.256519714456
2026-01-18 18:00:00+00:00,10000.0,10000.0,10000.0,10586.585676764871
2026-01-18 19:00:00+00:00,10000.0,10000.0,10000.0,10580.084394419646
2026-01-18 20:00:00+00:00,10000.0,10000.0,10000.0,10571.545429824266
2026-01-18 21:00:00+00:00,10000.0,10000.0,10000.0,10585.569608751182
2026-01-18 22:00:00+00:00,10000.0,10000.0,10000.0,10593.131328892348
2026-01-18 23:00:00+00:00,10000.0,10000.0,10000.0,10390.642062850122
2026-01-19 00:00:00+00:00,10000.0,10000.0,10000.0,10283.91942558709
2026-01-19 01:00:00+00:00,10000.0,10000.0,10000.0,10270.123751038795
2026-01-19 02:00:00+00:00,10000.0,10000.0,10000.0,10267.921900594289
2026-01-19 03:00:00+00:00,10000.0,10000.0,10000.0,10281.597776730485
2026-01-19 04:00:00+00:00,10000.0,10000.0,10000.0,10278.814682138407
2026-01-19 05:00:00+00:00,10000.0,10000.0,10000.0,10261.817727800264
2026-01-19 06:00:00+00:00,10000.0,10000.0,10000.0,10269.748826378724
2026-01-19 07:00:00+00:00,10000.0,10000.0,10000.0,10298.406159494036
2026-01-19 08:00:00+00:00,10000.0,10000.0,10000.0,10344.713791991227
2026-01-19 09:00:00+00:00,10000.0,10000.0,10000.0,10322.636497584645
2026-01-19 10:00:00+00:00,10000.0,10000.0,10000.0,10323.171153460844
2026-01-19 11:00:00+00:00,10000.0,10000.0,10000.0,10337.26743328393
2026-01-19 12:00:00+00:00,10000.0,10000.0,10000.0,10323.80564134712
2026-01-19 13:00:00+00:00,10000.0,10000.0,10000.0,10319.50842793552
2026-01-19 14:00:00+00:00,10000.0,10000.0,10000.0,10295.168274633823
2026-01-19 15:00:00+00:00,10000.0,10000.0,10000.0,10323.586010924948
2026-01-19 16:00:00+00:00,10000.0,10000.0,10000.0,10349.458030959071
2026-01-19 17:00:00+00:00,10000.0,10000.0,10000.0,10342.927908255382
2026-01-19 18:00:00+00:00,10000.0,10000.0,10000.0,10323.277640938262
2026-01-19 19:00:00+00:00,10000.0,10000.0,10000.0,10327.715728408532
2026-01-19 20:00:00+00:00,10000.0,10000.0,10000.0,10331.71899201268
2026-01-19 21:00:00+00:00,10000.0,10000.0,10000.0,10316.35373641704
2026-01-19 22:00:00+00:00,10000.0,10000.0,10000.0,10267.808757649535
2026-01-19 23:00:00+00:00,10000.0,10000.0,10000.0,10275.043250646559
2026-01-20 00:00:00+00:00,10000.0,10000.0,10000.0,10284.682585841916
2026-01-20 01:00:00+00:00,10000.0,10000.0,10000.0,10284.525073114903
2026-01-20 02:00:00+00:00,10000.0,10000.0,10000.0,10266.297966563683
2026-01-20 03:00:00+00:00,10000.0,10000.0,10000.0,10253.293183384123
2026-01-20 04:00:00+00:00,10000.0,10000.0,10000.0,10211.994899303758
2026-01-20 05:00:00+00:00,10000.0,10000.0,10000.0,10163.362290216293
2026-01-20 06:00:00+00:00,10000.0,10000.0,10000.0,10086.358533109074
2026-01-20 07:00:00+00:00,10000.0,10000.0,10000.0,10113.867798108484
2026-01-20 08:00:00+00:00,10000.0,10000.0,10000.0,10106.992700347746
2026-01-20 09:00:00+00:00,10000.0,10000.0,10000.0,10098.146475010235
2026-01-20 10:00:00+00:00,10000.0,10000.0,10000.0,10124.028478245364
2026-01-20 11:00:00+00:00,10000.0,10000.0,10000.0,10118.416810034396
2026-01-20 12:00:00+00:00,10000.0,10000.0,10000.0,10125.218697654413
2026-01-20 13:00:00+00:00,10000.0,10000.0,10000.0,10089.564249877154
2026-01-20 14:00:00+00:00,10000.0,10000.0,10000.0,10042.118532465067
2026-01-20 15:00:00+00:00,10000.0,10000.0,10000.0,10059.178713742927
2026-01-20 16:00:00+00:00,10000.0,10000.0,10000.0,10001.56011450384
2026-01-20 17:00:00+00:00,10000.0,10000.0,10000.0,9958.294030580375
2026-01-20 18:00:00+00:00,10000.0,10000.0,10000.0,9927.849704484657
2026-01-20 19:00:00+00:00,10000.0,10000.0,10000.0,9952.781085134928
2026-01-20 20:00:00+00:00,10000.0,10000.0,10000.0,9953.69399340487
2026-01-20 21:00:00+00:00,10000.0,10000.0,10000.0,9925.077702338143
2026-01-20 22:00:00+00:00,10000.0,10000.0,10000.0,9817.832610889034
2026-01-20 23:00:00+00:00,10000.0,10000.0,10000.0,9808.790049265035
2026-01-21 00:00:00+00:00,10000.0,10000.0,10000.0,9865.178496291042
2026-01-21 01:00:00+00:00,10000.0,10000.0,10000.0,9874.595982575114
2026-01-21 02:00:00+00:00,10000.0,10000.0,10000.0,9877.664153018195
2026-01-21 03:00:00+00:00,10000.0,10000.0,10000.0,9920.232522115668
2026-01-21 04:00:00+00:00,10000.0,10000.0,10000.0,9922.069431101112
2026-01-21 05:00:00+00:00,10000.0,10000.0,10000.0,9977.659222046492
2026-01-21 06:00:00+00:00,10000.0,10000.0,10000.0,9944.335297082287
2026-01-21 07:00:00+00:00,10000.0,10000.0,10000.0,9896.008839492397
2026-01-21 08:00:00+00:00,10000.0,10000.0,10000.0,9894.167493528728
2026-01-21 09:00:00+00:00,10000.0,10000.0,10000.0,9884.733368576308
2026-01-21 10:00:00+00:00,10000.0,10000.0,10000.0,9899.89563241812
2026-01-21 11:00:00+00:00,10000.0,10000.0,10000.0,9848.981307278083
2026-01-21 12:00:00+00:00,10000.0,10000.0,10000.0,9843.026882499178
2026-01-21 13:00:00+00:00,10000.0,10000.0,10000.0,9835.964322408403
2026-01-21 14:00:00+00:00,10000.0,10000.0,10000.0,9961.618436515988
2026-01-21 15:00:00+00:00,10000.0,10000.0,10000.0,10015.15168805375
2026-01-21 16:00:00+00:00,10000.0,10000.0,10000.0,9717.248533001271
2026-01-21 17:00:00+00:00,10000.0,10000.0,10000.0,9753.851384874277
2026-01-21 18:00:00+00:00,10000.0,10000.0,10000.0,9815.198155067515
2026-01-21 19:00:00+00:00,10000.0,10000.0,10000.0,10022.641307298749
2026-01-21 20:00:00+00:00,10000.0,10000.0,10000.0,10006.939950602513
2026-01-21 21:00:00+00:00,10000.0,10000.0,10000.0,10010.84116370747
2026-01-21 22:00:00+00:00,10000.0,10000.0,10000.0,9956.96848333544
2026-01-21 23:00:00+00:00,10000.0,10000.0,10000.0,9922.717229922062
2026-01-22 00:00:00+00:00,10000.0,10000.0,10000.0,9973.05031091453
2026-01-22 01:00:00+00:00,10000.0,10000.0,10000.0,9995.756546984609
2026-01-22 02:00:00+00:00,10000.0,10000.0,10000.0,9976.356968937242
2026-01-22 03:00:00+00:00,10000.0,10000.0,10000.0,9972.054209302858
2026-01-22 04:00:00+00:00,10000.0,10000.0,10000.0,9983.080100193753
2026-01-22 05:00:00+00:00,10000.0,10000.0,10000.0,9986.11832103381
2026-01-22 06:00:00+00:00,10000.0,10000.0,10000.0,10002.292215911084
2026-01-22 07:00:00+00:00,10000.0,10000.0,10000.0,9963.100387243376
2026-01-22 08:00:00+00:00,10000.0,10000.0,10000.0,9974.344799311888
2026-01-22 09:00:00+00:00,10000.0,10000.0,10000.0,9986.863733375732
2026-01-22 10:00:00+00:00,10000.0,10000.0,10000.0,9991.938527221388
2026-01-22 11:00:00+00:00,10000.0,10000.0,10000.0,9976.68530532595
2026-01-22 12:00:00+00:00,10000.0,10000.0,10000.0,9985.540404619913
2026-01-22 13:00:00+00:00,10000.0,10000.0,10000.0,9941.028639059577
2026-01-22 14:00:00+00:00,10000.0,10000.0,10000.0,9882.10334973302
2026-01-22 15:00:00+00:00,10000.0,10000.0,10000.0,9872.277661452183
2026-01-22 16:00:00+00:00,10000.0,10000.0,10000.0,9878.273128279676
2026-01-22 17:00:00+00:00,10000.0,10000.0,10000.0,9933.286112055712
2026-01-22 18:00:00+00:00,10000.0,10000.0,10000.0,9909.318664924978
2026-01-22 19:00:00+00:00,10000.0,10000.0,10000.0,9958.564686252146
2026-01-22 20:00:00+00:00,10000.0,10000.0,10000.0,9917.724520173588
2026-01-22 21:00:00+00:00,10000.0,10000.0,10000.0,9902.077516460618
2026-01-22 22:00:00+00:00,10000.0,10000.0,10000.0,9910.766229071118
2026-01-22 23:00:00+00:00,10000.0,10000.0,10000.0,9934.357642297224
2026-01-23 00:00:00+00:00,10000.0,10000.0,10000.0,9929.95837838643
2026-01-23 01:00:00+00:00,10000.0,10000.0,10000.0,9976.476767349342
2026-01-23 02:00:00+00:00,10000.0,10000.0,10000.0,9945.872710037498
2026-01-23 03:00:00+00:00,10000.0,10000.0,10000.0,9974.857270296958
2026-01-23 04:00:00+00:00,10000.0,10000.0,10000.0,9979.365240174282
2026-01-23 05:00:00+00:00,10000.0,10000.0,10000.0,9940.60934461725
2026-01-23 06:00:00+00:00,10000.0,10000.0,10000.0,9928.802545558632
2026-01-23 07:00:00+00:00,10000.0,10000.0,10000.0,9933.223994360555
2026-01-23 08:00:00+00:00,10000.0,10000.0,10000.0,9896.84188215428
2026-01-23 09:00:00+00:00,10000.0,10000.0,10000.0,9869.805155335907
2026-01-23 10:00:00+00:00,10000.0,10000.0,10000.0,9877.433430150462
2026-01-23 11:00:00+00:00,10000.0,10000.0,10000.0,9894.73653598618
2026-01-23 12:00:00+00:00,10000.0,10000.0,10000.0,9901.985449162436
2026-01-23 13:00:00+00:00,10000.0,10000.0,10000.0,9911.189960491673
2026-01-23 14:00:00+00:00,10000.0,10000.0,10000.0,9874.256553740852
2026-01-23 15:00:00+00:00,10000.0,10000.0,10000.0,9956.757726869726
2026-01-23 16:00:00+00:00,10000.0,10000.0,10000.0,9997.04992613741
2026-01-23 17:00:00+00:00,10000.0,10000.0,10000.0,10049.755681236078
2026-01-23 18:00:00+00:00,10000.0,10000.0,10000.0,10042.040885346121
2026-01-23 19:00:00+00:00,10000.0,10000.0,10000.0,9981.291997968796
2026-01-23 20:00:00+00:00,10000.0,10000.0,10000.0,9928.146982025783
2026-01-23 21:00:00+00:00,10000.0,10000.0,10000.0,9911.099002438044
2026-01-23 22:00:00+00:00,10000.0,10000.0,10000.0,9941.561076446666
2026-01-23 23:00:00+00:00,10000.0,10000.0,10000.0,9938.860065951763
2026-01-24 00:00:00+00:00,10000.0,10000.0,10000.0,9922.50647345635
2026-01-24 01:00:00+00:00,10000.0,10000.0,10000.0,9933.311624680515
2026-01-24 02:00:00+00:00,10000.0,10000.0,10000.0,9950.23980585616
2026-01-24 03:00:00+00:00,10000.0,10000.0,10000.0,9957.690601541684
2026-01-24 04:00:00+00:00,10000.0,10000.0,10000.0,9964.271749494972
2026-01-24 05:00:00+00:00,10000.0,10000.0,10000.0,9958.265190221915
2026-01-24 06:00:00+00:00,10000.0,10000.0,10000.0,9944.302019745603
2026-01-24 07:00:00+00:00,10000.0,10000.0,10000.0,9941.06080715172
2026-01-24 08:00:00+00:00,10000.0,10000.0,10000.0,9945.584306452833
2026-01-24 09:00:00+00:00,10000.0,10000.0,10000.0,9938.8312255933
2026-01-24 10:00:00+00:00,10000.0,10000.0,10000.0,9941.804001004526
2026-01-24 11:00:00+00:00,10000.0,10000.0,10000.0,9938.320973097341
2026-01-24 12:00:00+00:00,10000.0,10000.0,10000.0,9931.93394294143
2026-01-24 13:00:00+00:00,10000.0,10000.0,10000.0,9913.121155264414
2026-01-24 14:00:00+00:00,10000.0,10000.0,10000.0,9922.195884980549
2026-01-24 15:00:00+00:00,10000.0,10000.0,10000.0,9902.866189340239
2026-01-24 16:00:00+00:00,10000.0,10000.0,10000.0,9904.445753588592
2026-01-24 17:00:00+00:00,10000.0,10000.0,10000.0,9917.36734342642
2026-01-24 18:00:00+00:00,10000.0,10000.0,10000.0,9916.117224811325
2026-01-24 19:00:00+00:00,10000.0,10000.0,10000.0,9909.032479829422
2026-01-24 20:00:00+00:00,10000.0,10000.0,10000.0,9914.428954596444
2026-01-24 21:00:00+00:00,10000.0,10000.0,10000.0,9915.161056003686
2026-01-24 22:00:00+00:00,10000.0,10000.0,10000.0,9919.974068134026
2026-01-24 23:00:00+00:00,10000.0,10000.0,10000.0,9897.272269042174
2026-01-25 00:00:00+00:00,10000.0,10000.0,10000.0,9907.23772213712
2026-01-25 01:00:00+00:00,10000.0,10000.0,10000.0,9891.833642982008
2026-01-25 02:00:00+00:00,10000.0,10000.0,10000.0,9887.699488520202
2026-01-25 03:00:00+00:00,10000.0,10000.0,10000.0,9867.878397541393
2026-01-25 04:00:00+00:00,10000.0,10000.0,10000.0,9873.048586418903
2026-01-25 05:00:00+00:00,10000.0,10000.0,10000.0,9871.267139661279
2026-01-25 06:00:00+00:00,10000.0,10000.0,10000.0,9853.570252008032
2026-01-25 07:00:00+00:00,10000.0,10000.0,10000.0,9834.561128044528
2026-01-25 08:00:00+00:00,10000.0,10000.0,10000.0,9794.63054250224
2026-01-25 09:00:00+00:00,10000.0,10000.0,10000.0,9805.542181203822
2026-01-25 10:00:00+00:00,10000.0,10000.0,10000.0,9834.507884305822
2026-01-25 11:00:00+00:00,10000.0,10000.0,10000.0,9824.597893438695
2026-01-25 12:00:00+00:00,10000.0,10000.0,10000.0,9849.203156189378
2026-01-25 13:00:00+00:00,10000.0,10000.0,10000.0,9863.513520211853
2026-01-25 14:00:00+00:00,10000.0,10000.0,10000.0,9840.119552516791
2026-01-25 15:00:00+00:00,10000.0,10000.0,10000.0,9810.879866009354
2026-01-25 16:00:00+00:00,10000.0,10000.0,10000.0,9769.922120007814
2026-01-25 17:00:00+00:00,10000.0,10000.0,10000.0,9749.391112512893
2026-01-25 18:00:00+00:00,10000.0,10000.0,10000.0,9697.017021536596
2026-01-25 19:00:00+00:00,10000.0,10000.0,10000.0,9594.428538735372
2026-01-25 20:00:00+00:00,10000.0,10000.0,10000.0,9612.115443187613
2026-01-25 21:00:00+00:00,10000.0,10000.0,10000.0,9602.563738312214
2026-01-25 22:00:00+00:00,10000.0,10000.0,10000.0,9597.338087206881
2026-01-25 23:00:00+00:00,10000.0,10000.0,10000.0,9613.862503363987
2026-01-26 00:00:00+00:00,10000.0,10000.0,10000.0,9634.32806543008
2026-01-26 01:00:00+00:00,10000.0,10000.0,10000.0,9727.933885813352
2026-01-26 02:00:00+00:00,10000.0,10000.0,10000.0,9712.920260742103
2026-01-26 03:00:00+00:00,10000.0,10000.0,10000.0,9681.71388363612
2026-01-26 04:00:00+00:00,10000.0,10000.0,10000.0,9732.185620198139
2026-01-26 05:00:00+00:00,10000.0,10000.0,10000.0,9742.052350527563
2026-01-26 06:00:00+00:00,10000.0,10000.0,10000.0,9754.41266261984
2026-01-26 07:00:00+00:00,10000.0,10000.0,10000.0,9761.423088216463
2026-01-26 08:00:00+00:00,10000.0,10000.0,10000.0,9758.622245711484
2026-01-26 09:00:00+00:00,10000.0,10000.0,10000.0,9723.983865947912
2026-01-26 10:00:00+00:00,10000.0,10000.0,10000.0,9749.98788608425
2026-01-26 11:00:00+00:00,10000.0,10000.0,10000.0,9745.26805049665
2026-01-26 12:00:00+00:00,10000.0,10000.0,10000.0,9739.106196985693
2026-01-26 13:00:00+00:00,10000.0,10000.0,10000.0,9756.916227583697
2026-01-26 14:00:00+00:00,10000.0,10000.0,10000.0,9781.107742114831
2026-01-26 15:00:00+00:00,10000.0,10000.0,10000.0,9721.575696015907
2026-01-26 16:00:00+00:00,10000.0,10000.0,10000.0,9717.757676252682
2026-01-26 17:00:00+00:00,10000.0,10000.0,10000.0,9728.143533034516
2026-01-26 18:00:00+00:00,10000.0,10000.0,10000.0,9806.134517796954
2026-01-26 19:00:00+00:00,10000.0,10000.0,10000.0,9762.81519013478
2026-01-26 20:00:00+00:00,10000.0,10000.0,10000.0,9720.22352690162
2026-01-26 21:00:00+00:00,10000.0,10000.0,10000.0,9768.527799600382
2026-01-26 22:00:00+00:00,10000.0,10000.0,10000.0,9776.882629599397
2026-01-26 23:00:00+00:00,10000.0,10000.0,10000.0,9799.851756629347
2026-01-27 00:00:00+00:00,10000.0,10000.0,10000.0,9800.616026128726
2026-01-27 01:00:00+00:00,10000.0,10000.0,10000.0,9822.428211086322
2026-01-27 02:00:00+00:00,10000.0,10000.0,10000.0,9853.59687387739
2026-01-27 03:00:00+00:00,10000.0,10000.0,10000.0,9848.760567611364
2026-01-27 04:00:00+00:00,10000.0,10000.0,10000.0,9825.641692566294
2026-01-27 05:00:00+00:00,10000.0,10000.0,10000.0,9811.966925674653
2026-01-27 06:00:00+00:00,10000.0,10000.0,10000.0,9798.253335223535
2026-01-27 07:00:00+00:00,10000.0,10000.0,10000.0,9796.893401397356
2026-01-27 08:00:00+00:00,10000.0,10000.0,10000.0,9780.300212077753
2026-01-27 09:00:00+00:00,10000.0,10000.0,10000.0,9748.797666675204
2026-01-27 10:00:00+00:00,10000.0,10000.0,10000.0,9737.673053018787
2026-01-27 11:00:00+00:00,10000.0,10000.0,10000.0,9760.546785016884
2026-01-27 12:00:00+00:00,10000.0,10000.0,10000.0,9759.90564166327
2026-01-27 13:00:00+00:00,10000.0,10000.0,10000.0,9759.372095031627
2026-01-27 14:00:00+00:00,10000.0,10000.0,10000.0,9733.068578865055
2026-01-27 15:00:00+00:00,10000.0,10000.0,10000.0,9766.616571229659
2026-01-27 16:00:00+00:00,10000.0,10000.0,10000.0,9832.503479392357
2026-01-27 17:00:00+00:00,10000.0,10000.0,10000.0,9711.056729887301
2026-01-27 18:00:00+00:00,10000.0,10000.0,10000.0,9792.971112645826
2026-01-27 19:00:00+00:00,10000.0,10000.0,10000.0,9806.694686297951
2026-01-27 20:00:00+00:00,10000.0,10000.0,10000.0,9916.220384555076
2026-01-27 21:00:00+00:00,10000.0,10000.0,10000.0,9881.312458364293
2026-01-27 22:00:00+00:00,10000.0,10000.0,10000.0,9899.301077335882
2026-01-27 23:00:00+00:00,10000.0,10000.0,10000.0,9900.007666118327
2026-01-28 00:00:00+00:00,10000.0,10000.0,10000.0,9924.158138600873
2026-01-28 01:00:00+00:00,10000.0,10000.0,10000.0,9917.153259227032
2026-01-28 02:00:00+00:00,10000.0,10000.0,10000.0,9903.97543389667
2026-01-28 03:00:00+00:00,10000.0,10000.0,10000.0,9886.327353003902
2026-01-28 04:00:00+00:00,10000.0,10000.0,10000.0,9869.507877794787
2026-01-28 05:00:00+00:00,10000.0,10000.0,10000.0,9881.60529892719
2026-01-28 06:00:00+00:00,10000.0,10000.0,10000.0,9907.491739140545
2026-01-28 07:00:00+00:00,10000.0,10000.0,10000.0,9887.17925282324
2026-01-28 08:00:00+00:00,10000.0,10000.0,10000.0,9864.009352528576
2026-01-28 09:00:00+00:00,10000.0,10000.0,10000.0,9935.198449671
2026-01-28 10:00:00+00:00,10000.0,10000.0,10000.0,9917.06451966252
2026-01-28 11:00:00+00:00,10000.0,10000.0,10000.0,9992.074964301835
2026-01-28 12:00:00+00:00,10000.0,10000.0,10000.0,9983.05569681352
2026-01-28 13:00:00+00:00,10000.0,10000.0,10000.0,10011.809534205242
2026-01-28 14:00:00+00:00,10000.0,10000.0,10000.0,9940.746890942251
2026-01-28 15:00:00+00:00,10000.0,10000.0,10000.0,9925.482576601247
2026-01-28 16:00:00+00:00,10000.0,10000.0,10000.0,9942.121244947664
2026-01-28 17:00:00+00:00,10000.0,10000.0,10000.0,10002.044854375008
2026-01-28 18:00:00+00:00,10000.0,10000.0,10000.0,9932.867926857944
2026-01-28 19:00:00+00:00,10000.0,10000.0,10000.0,9916.932519560301
2026-01-28 20:00:00+00:00,10000.0,10000.0,10000.0,9886.766613848247
2026-01-28 21:00:00+00:00,10000.0,10000.0,10000.0,9917.996285089916
2026-01-28 22:00:00+00:00,10000.0,10000.0,10000.0,9916.219275310517
2026-01-28 23:00:00+00:00,10000.0,10000.0,10000.0,9905.552779655909
2026-01-29 00:00:00+00:00,10000.0,10000.0,10000.0,9888.239690619183
2026-01-29 01:00:00+00:00,10000.0,10000.0,10000.0,9828.301661012607
2026-01-29 02:00:00+00:00,10000.0,10000.0,10000.0,9751.042777657409
2026-01-29 03:00:00+00:00,10000.0,10000.0,10000.0,9767.309849077425
2026-01-29 04:00:00+00:00,10000.0,10000.0,10000.0,9796.315484983455
2026-01-29 05:00:00+00:00,10000.0,10000.0,10000.0,9782.043944520454
2026-01-29 06:00:00+00:00,10000.0,10000.0,10000.0,9796.775821474374
2026-01-29 07:00:00+00:00,10000.0,10000.0,10000.0,9800.505101673083
2026-01-29 08:00:00+00:00,10000.0,10000.0,10000.0,9768.469009638893
2026-01-29 09:00:00+00:00,10000.0,10000.0,10000.0,9749.373364599987
2026-01-29 10:00:00+00:00,10000.0,10000.0,10000.0,9755.413201209738
2026-01-29 11:00:00+00:00,10000.0,10000.0,10000.0,9744.325192623684
2026-01-29 12:00:00+00:00,10000.0,10000.0,10000.0,9774.797249833313
2026-01-29 13:00:00+00:00,10000.0,10000.0,10000.0,9767.217781779244
2026-01-29 14:00:00+00:00,10000.0,10000.0,10000.0,9652.024953083326
2026-01-29 15:00:00+00:00,10000.0,10000.0,10000.0,9421.2599340532
2026-01-29 16:00:00+00:00,10000.0,10000.0,10000.0,9458.528332660058
2026-01-29 17:00:00+00:00,10000.0,10000.0,10000.0,9346.678767057218
2026-01-29 18:00:00+00:00,10000.0,10000.0,10000.0,9259.643002181665
2026-01-29 19:00:00+00:00,10000.0,10000.0,10000.0,9318.99756915156
2026-01-29 20:00:00+00:00,10000.0,10000.0,10000.0,9341.7148976672
2026-01-29 21:00:00+00:00,10000.0,10000.0,10000.0,9376.063764601544
2026-01-29 22:00:00+00:00,10000.0,10000.0,10000.0,9380.88675993289
2026-01-29 23:00:00+00:00,10000.0,10000.0,10000.0,9389.772918074432
2026-01-30 00:00:00+00:00,10000.0,10000.0,10000.0,9338.951769477135
2026-01-30 01:00:00+00:00,10000.0,10000.0,10000.0,9147.720226438094
2026-01-30 02:00:00+00:00,10000.0,10000.0,10000.0,9114.094586954541
2026-01-30 03:00:00+00:00,10000.0,10000.0,10000.0,9170.837992238605
2026-01-30 04:00:00+00:00,10000.0,10000.0,10000.0,9199.954552600278
2026-01-30 05:00:00+00:00,10000.0,10000.0,10000.0,9197.211390812234
2026-01-30 06:00:00+00:00,10000.0,10000.0,10000.0,9162.671733814184
2026-01-30 07:00:00+00:00,10000.0,10000.0,10000.0,9186.4284244792
2026-01-30 08:00:00+00:00,10000.0,10000.0,10000.0,9170.313319563416
2026-01-30 09:00:00+00:00,10000.0,10000.0,10000.0,9136.150805714553
2026-01-30 10:00:00+00:00,10000.0,10000.0,10000.0,9188.30748475779
2026-01-30 11:00:00+00:00,10000.0,10000.0,10000.0,9223.519343957034
2026-01-30 12:00:00+00:00,10000.0,10000.0,10000.0,9184.600389450208
2026-01-30 13:00:00+00:00,10000.0,10000.0,10000.0,9177.991510383012
2026-01-30 14:00:00+00:00,10000.0,10000.0,10000.0,9217.600415003935
2026-01-30 15:00:00+00:00,10000.0,10000.0,10000.0,9193.85592602904
2026-01-30 16:00:00+00:00,10000.0,10000.0,10000.0,9223.257562241715
2026-01-30 17:00:00+00:00,10000.0,10000.0,10000.0,9200.432637004102
2026-01-30 18:00:00+00:00,10000.0,10000.0,10000.0,9310.014906733606
2026-01-30 19:00:00+00:00,10000.0,10000.0,10000.0,9344.607807470364
2026-01-30 20:00:00+00:00,10000.0,10000.0,10000.0,9307.26508947822
2026-01-30 21:00:00+00:00,10000.0,10000.0,10000.0,9348.014297503154
2026-01-30 22:00:00+00:00,10000.0,10000.0,10000.0,9342.05654499058
2026-01-30 23:00:00+00:00,10000.0,10000.0,10000.0,9346.548985444113
2026-01-31 00:00:00+00:00,10000.0,10000.0,10000.0,9325.178279819975
2026-01-31 01:00:00+00:00,10000.0,10000.0,10000.0,9317.653164749168
2026-01-31 02:00:00+00:00,10000.0,10000.0,10000.0,9332.075562471842
2026-01-31 03:00:00+00:00,10000.0,10000.0,10000.0,9320.17114989226
2026-01-31 04:00:00+00:00,10000.0,10000.0,10000.0,9316.816794353621
2026-01-31 05:00:00+00:00,10000.0,10000.0,10000.0,9317.65538323828
2026-01-31 06:00:00+00:00,10000.0,10000.0,10000.0,9293.926423687177
2026-01-31 07:00:00+00:00,10000.0,10000.0,10000.0,9267.384419940972
2026-01-31 08:00:00+00:00,10000.0,10000.0,10000.0,9214.945992780404
2026-01-31 09:00:00+00:00,10000.0,10000.0,10000.0,9218.831676461572
2026-01-31 10:00:00+00:00,10000.0,10000.0,10000.0,9224.47773125379
2026-01-31 11:00:00+00:00,10000.0,10000.0,10000.0,9208.9483074638
2026-01-31 12:00:00+00:00,10000.0,10000.0,10000.0,9180.329797907962
2026-01-31 13:00:00+00:00,10000.0,10000.0,10000.0,9180.994235397264
2026-01-31 14:00:00+00:00,10000.0,10000.0,10000.0,9038.123536529361
2026-01-31 15:00:00+00:00,10000.0,10000.0,10000.0,9018.396731337849
2026-01-31 16:00:00+00:00,10000.0,10000.0,10000.0,8914.448314710442
2026-01-31 17:00:00+00:00,10000.0,10000.0,10000.0,8751.265129525234
2026-01-31 18:00:00+00:00,10000.0,10000.0,10000.0,8656.364820744611
2026-01-31 19:00:00+00:00,10000.0,10000.0,10000.0,8624.377535470901
2026-01-31 20:00:00+00:00,10000.0,10000.0,10000.0,8651.999943415067
2026-01-31 21:00:00+00:00,10000.0,10000.0,10000.0,8684.497481184731
2026-01-31 22:00:00+00:00,10000.0,10000.0,10000.0,8669.319687919131
2026-01-31 23:00:00+00:00,10000.0,10000.0,10000.0,8734.312544969349
2026-02-01 00:00:00+00:00,10000.0,10000.0,10000.0,8752.19578570808
2026-02-01 01:00:00+00:00,10000.0,10000.0,10000.0,8711.13820769646
2026-02-01 02:00:00+00:00,10000.0,10000.0,10000.0,8751.9406594601
2026-02-01 03:00:00+00:00,10000.0,10000.0,10000.0,8748.421026482554
2026-02-01 04:00:00+00:00,10000.0,10000.0,10000.0,8759.898379907914
2026-02-01 05:00:00+00:00,10000.0,10000.0,10000.0,8720.981643890202
2026-02-01 06:00:00+00:00,10000.0,10000.0,10000.0,8685.384876829876
2026-02-01 07:00:00+00:00,10000.0,10000.0,10000.0,8690.154628422515
2026-02-01 08:00:00+00:00,10000.0,10000.0,10000.0,8719.108129834394
2026-02-01 09:00:00+00:00,10000.0,10000.0,10000.0,8766.853343276716
2026-02-01 10:00:00+00:00,10000.0,10000.0,10000.0,8683.136438113996
2026-02-01 11:00:00+00:00,10000.0,10000.0,10000.0,8734.586528374788
2026-02-01 12:00:00+00:00,10000.0,10000.0,10000.0,8703.09618466236
2026-02-01 13:00:00+00:00,10000.0,10000.0,10000.0,8687.327164048182
2026-02-01 14:00:00+00:00,10000.0,10000.0,10000.0,8675.525911212346
2026-02-01 15:00:00+00:00,10000.0,10000.0,10000.0,8607.005656472686
2026-02-01 16:00:00+00:00,10000.0,10000.0,10000.0,8596.06517741264
2026-02-01 17:00:00+00:00,10000.0,10000.0,10000.0,8623.857299773937
2026-02-01 18:00:00+00:00,10000.0,10000.0,10000.0,8655.355408198262
2026-02-01 19:00:00+00:00,10000.0,10000.0,10000.0,8560.570460851506
2026-02-01 20:00:00+00:00,10000.0,10000.0,10000.0,8552.612740403692
2026-02-01 21:00:00+00:00,10000.0,10000.0,10000.0,8488.608220253253
2026-02-01 22:00:00+00:00,10000.0,10000.0,10000.0,8568.837660530562
2026-02-01 23:00:00+00:00,10000.0,10000.0,10000.0,8537.656796049378
2026-02-02 00:00:00+00:00,10000.0,10000.0,10000.0,8615.791982604153
2026-02-02 01:00:00+00:00,10000.0,10000.0,10000.0,8598.73845679363
2026-02-02 02:00:00+00:00,10000.0,10000.0,10000.0,8484.741393729544
2026-02-02 03:00:00+00:00,10000.0,10000.0,10000.0,8462.7572758657
2026-02-02 04:00:00+00:00,10000.0,10000.0,10000.0,8418.517275221691
2026-02-02 05:00:00+00:00,10000.0,10000.0,10000.0,8375.02934238694
2026-02-02 06:00:00+00:00,10000.0,10000.0,10000.0,8491.191650825174
2026-02-02 07:00:00+00:00,10000.0,10000.0,10000.0,8503.556399895673
2026-02-02 08:00:00+00:00,10000.0,10000.0,10000.0,8528.01413312035
2026-02-02 09:00:00+00:00,10000.0,10000.0,10000.0,8621.63991990564
2026-02-02 10:00:00+00:00,10000.0,10000.0,10000.0,8597.14890934427
2026-02-02 11:00:00+00:00,10000.0,10000.0,10000.0,8625.48456153822
2026-02-02 12:00:00+00:00,10000.0,10000.0,10000.0,8650.833018141706
2026-02-02 13:00:00+00:00,10000.0,10000.0,10000.0,8677.042248520984
2026-02-02 14:00:00+00:00,10000.0,10000.0,10000.0,8634.890955376726
2026-02-02 15:00:00+00:00,10000.0,10000.0,10000.0,8746.399982900744
2026-02-02 16:00:00+00:00,10000.0,10000.0,10000.0,8722.517947600852
2026-02-02 17:00:00+00:00,10000.0,10000.0,10000.0,8761.77189396372
2026-02-02 18:00:00+00:00,10000.0,10000.0,10000.0,8715.316731940524
2026-02-02 19:00:00+00:00,10000.0,10000.0,10000.0,8689.98824173905
2026-02-02 20:00:00+00:00,10000.0,10000.0,10000.0,8653.060381211013
2026-02-02 21:00:00+00:00,10000.0,10000.0,10000.0,8711.12600600634
2026-02-02 22:00:00+00:00,10000.0,10000.0,10000.0,8740.314667264181
2026-02-02 23:00:00+00:00,10000.0,10000.0,10000.0,8734.037452319357
2026-02-03 00:00:00+00:00,10000.0,10000.0,10000.0,8770.26870726596
2026-02-03 01:00:00+00:00,10000.0,10000.0,10000.0,8764.987593932807
2026-02-03 02:00:00+00:00,10000.0,10000.0,10000.0,8630.811153898187
2026-02-03 03:00:00+00:00,10000.0,10000.0,10000.0,8735.669151061864
2026-02-03 04:00:00+00:00,10000.0,10000.0,10000.0,8740.668516277681
2026-02-03 05:00:00+00:00,10000.0,10000.0,10000.0,8678.779325496349
2026-02-03 06:00:00+00:00,10000.0,10000.0,10000.0,8718.015523946313
2026-02-03 07:00:00+00:00,10000.0,10000.0,10000.0,8740.25587730269
2026-02-03 08:00:00+00:00,10000.0,10000.0,10000.0,8735.074595979617
2026-02-03 09:00:00+00:00,10000.0,10000.0,10000.0,8696.47843163871
2026-02-03 10:00:00+00:00,10000.0,10000.0,10000.0,8665.458407618207
2026-02-03 11:00:00+00:00,10000.0,10000.0,10000.0,8660.926034360644
2026-02-03 12:00:00+00:00,10000.0,10000.0,10000.0,8688.741450857626
2026-02-03 13:00:00+00:00,10000.0,10000.0,10000.0,8686.233448915542
2026-02-03 14:00:00+00:00,10000.0,10000.0,10000.0,8563.5033034587
2026-02-03 15:00:00+00:00,10000.0,10000.0,10000.0,8666.78617335225
2026-02-03 16:00:00+00:00,10000.0,10000.0,10000.0,8484.398637161607
2026-02-03 17:00:00+00:00,10000.0,10000.0,10000.0,8309.993224799016
2026-02-03 18:00:00+00:00,10000.0,10000.0,10000.0,8112.918181436715
2026-02-03 19:00:00+00:00,10000.0,10000.0,10000.0,8312.124083591916
2026-02-03 20:00:00+00:00,10000.0,10000.0,10000.0,8483.005425998732
2026-02-03 21:00:00+00:00,10000.0,10000.0,10000.0,8456.817271266025
2026-02-03 22:00:00+00:00,10000.0,10000.0,10000.0,8397.960755101967
2026-02-03 23:00:00+00:00,10000.0,10000.0,10000.0,8404.769298189321
2026-02-04 00:00:00+00:00,10000.0,10000.0,10000.0,8420.37304136459
2026-02-04 01:00:00+00:00,10000.0,10000.0,10000.0,8477.26064844099
2026-02-04 02:00:00+00:00,10000.0,10000.0,10000.0,8426.193247552168
2026-02-04 03:00:00+00:00,10000.0,10000.0,10000.0,8507.702756047596
2026-02-04 04:00:00+00:00,10000.0,10000.0,10000.0,8483.4746364461
2026-02-04 05:00:00+00:00,10000.0,10000.0,10000.0,8461.316367186899
2026-02-04 06:00:00+00:00,10000.0,10000.0,10000.0,8502.656802560405
2026-02-04 07:00:00+00:00,10000.0,10000.0,10000.0,8487.307076388559
2026-02-04 08:00:00+00:00,10000.0,10000.0,10000.0,8495.400124672255
2026-02-04 09:00:00+00:00,10000.0,10000.0,10000.0,8443.458639072966
2026-02-04 10:00:00+00:00,10000.0,10000.0,10000.0,8463.76890690116
2026-02-04 11:00:00+00:00,10000.0,10000.0,10000.0,8432.172075711313
2026-02-04 12:00:00+00:00,10000.0,10000.0,10000.0,8450.319316654472
2026-02-04 13:00:00+00:00,10000.0,10000.0,10000.0,8304.581220608205
2026-02-04 14:00:00+00:00,10000.0,10000.0,10000.0,8248.290387103161
2026-02-04 15:00:00+00:00,10000.0,10000.0,10000.0,8223.535376337362
2026-02-04 16:00:00+00:00,10000.0,10000.0,10000.0,8168.034324956497
2026-02-04 17:00:00+00:00,10000.0,10000.0,10000.0,8050.462166687044
2026-02-04 18:00:00+00:00,10000.0,10000.0,10000.0,8144.734643048733
2026-02-04 19:00:00+00:00,10000.0,10000.0,10000.0,8199.900702573557
2026-02-04 20:00:00+00:00,10000.0,10000.0,10000.0,8154.755558371503
2026-02-04 21:00:00+00:00,10000.0,10000.0,10000.0,8075.299261550023
2026-02-04 22:00:00+00:00,10000.0,10000.0,10000.0,8046.8349369875295
2026-02-04 23:00:00+00:00,10000.0,10000.0,10000.0,8115.879864402379
2026-02-05 00:00:00+00:00,10000.0,10000.0,10000.0,8082.845452267403
2026-02-05 01:00:00+00:00,10000.0,10000.0,10000.0,8033.288842464433
2026-02-05 02:00:00+00:00,10000.0,10000.0,10000.0,7926.04486025988
2026-02-05 03:00:00+00:00,10000.0,10000.0,10000.0,7900.400235359824
2026-02-05 04:00:00+00:00,10000.0,10000.0,10000.0,7863.221685562034
2026-02-05 05:00:00+00:00,10000.0,10000.0,10000.0,7845.988462133371
2026-02-05 06:00:00+00:00,10000.0,10000.0,10000.0,7870.257623783455
2026-02-05 07:00:00+00:00,10000.0,10000.0,10000.0,7848.665069248032
2026-02-05 08:00:00+00:00,10000.0,10000.0,10000.0,7881.73608645337
2026-02-05 09:00:00+00:00,10000.0,10000.0,10000.0,7936.644801241104
2026-02-05 10:00:00+00:00,10000.0,10000.0,10000.0,7859.899498115534
2026-02-05 11:00:00+00:00,10000.0,10000.0,10000.0,7800.024695448673
2026-02-05 12:00:00+00:00,10000.0,10000.0,10000.0,7716.301134818615
2026-02-05 13:00:00+00:00,10000.0,10000.0,10000.0,7730.207733822551
2026-02-05 14:00:00+00:00,10000.0,10000.0,10000.0,7698.685222017984
2026-02-05 15:00:00+00:00,10000.0,10000.0,10000.0,7486.188351587666
2026-02-05 16:00:00+00:00,10000.0,10000.0,10000.0,7575.602336792198
2026-02-05 17:00:00+00:00,10000.0,10000.0,10000.0,7341.167936769406
2026-02-05 18:00:00+00:00,10000.0,10000.0,10000.0,7359.504858531714
2026-02-05 19:00:00+00:00,10000.0,10000.0,10000.0,7239.556698422392
2026-02-05 20:00:00+00:00,10000.0,10000.0,10000.0,7074.281478003761
2026-02-05 21:00:00+00:00,10000.0,10000.0,10000.0,7011.905328862156
2026-02-05 22:00:00+00:00,10000.0,10000.0,10000.0,7088.944581795181
2026-02-05 23:00:00+00:00,10000.0,10000.0,10000.0,6978.241975063685
2026-02-06 00:00:00+00:00,10000.0,10000.0,10000.0,7044.744513955201
2026-02-06 01:00:00+00:00,10000.0,10000.0,10000.0,7289.396165587252
2026-02-06 02:00:00+00:00,10000.0,10000.0,10000.0,7208.9914646700245
2026-02-06 03:00:00+00:00,10000.0,10000.0,10000.0,7117.837074756457
2026-02-06 04:00:00+00:00,10000.0,10000.0,10000.0,7199.644970037564
2026-02-06 05:00:00+00:00,10000.0,10000.0,10000.0,7366.283452016046
2026-02-06 06:00:00+00:00,10000.0,10000.0,10000.0,7208.787363671644
2026-02-06 07:00:00+00:00,10000.0,10000.0,10000.0,7194.116495168329
2026-02-06 08:00:00+00:00,10000.0,10000.0,10000.0,7198.44809516118
2026-02-06 09:00:00+00:00,10000.0,10000.0,10000.0,7298.779265290076
2026-02-06 10:00:00+00:00,10000.0,10000.0,10000.0,7317.410136859838
2026-02-06 11:00:00+00:00,10000.0,10000.0,10000.0,7391.042899760073
2026-02-06 12:00:00+00:00,10000.0,10000.0,10000.0,7382.902153960448
2026-02-06 13:00:00+00:00,10000.0,10000.0,10000.0,7467.081614103199
2026-02-06 14:00:00+00:00,10000.0,10000.0,10000.0,7564.481050869456
2026-02-06 15:00:00+00:00,10000.0,10000.0,10000.0,7612.301692941615
2026-02-06 16:00:00+00:00,10000.0,10000.0,10000.0,7759.610479279784
2026-02-06 17:00:00+00:00,10000.0,10000.0,10000.0,7848.296800055301
2026-02-06 18:00:00+00:00,10000.0,10000.0,10000.0,7739.94024556065
2026-02-06 19:00:00+00:00,10000.0,10000.0,10000.0,7845.848697319266
2026-02-06 20:00:00+00:00,10000.0,10000.0,10000.0,7764.72631517403
2026-02-06 21:00:00+00:00,10000.0,10000.0,10000.0,7804.470547630837
2026-02-06 22:00:00+00:00,10000.0,10000.0,10000.0,7914.954633184718
2026-02-06 23:00:00+00:00,10000.0,10000.0,10000.0,7829.076919626075
2026-02-07 00:00:00+00:00,10000.0,10000.0,10000.0,7760.0530678578
2026-02-07 01:00:00+00:00,10000.0,10000.0,10000.0,7817.011666585811
2026-02-07 02:00:00+00:00,10000.0,10000.0,10000.0,7804.796665530427
2026-02-07 03:00:00+00:00,10000.0,10000.0,10000.0,7866.650360485956
2026-02-07 04:00:00+00:00,10000.0,10000.0,10000.0,7849.916297107687
2026-02-07 05:00:00+00:00,10000.0,10000.0,10000.0,7782.626194581105
2026-02-07 06:00:00+00:00,10000.0,10000.0,10000.0,7628.235990994698
2026-02-07 07:00:00+00:00,10000.0,10000.0,10000.0,7552.528940773945
2026-02-07 08:00:00+00:00,10000.0,10000.0,10000.0,7597.771698496966
2026-02-07 09:00:00+00:00,10000.0,10000.0,10000.0,7558.192743479065
2026-02-07 10:00:00+00:00,10000.0,10000.0,10000.0,7541.420965785876
2026-02-07 11:00:00+00:00,10000.0,10000.0,10000.0,7539.829199847402
2026-02-07 12:00:00+00:00,10000.0,10000.0,10000.0,7656.55833225397
2026-02-07 13:00:00+00:00,10000.0,10000.0,10000.0,7664.212119693322
2026-02-07 14:00:00+00:00,10000.0,10000.0,10000.0,7614.519072809913
2026-02-07 15:00:00+00:00,10000.0,10000.0,10000.0,7670.592494381896
2026-02-07 16:00:00+00:00,10000.0,10000.0,10000.0,7649.035435672278
2026-02-07 17:00:00+00:00,10000.0,10000.0,10000.0,7674.731085821927
2026-02-07 18:00:00+00:00,10000.0,10000.0,10000.0,7710.814811242524
2026-02-07 19:00:00+00:00,10000.0,10000.0,10000.0,7695.229925224714
2026-02-07 20:00:00+00:00,10000.0,10000.0,10000.0,7723.800737264624
2026-02-07 21:00:00+00:00,10000.0,10000.0,10000.0,7709.026709017564
2026-02-07 22:00:00+00:00,10000.0,10000.0,10000.0,7698.084011468402
2026-02-07 23:00:00+00:00,10000.0,10000.0,10000.0,7685.8867583259225
2026-02-08 00:00:00+00:00,10000.0,10000.0,10000.0,7668.628022272461
2026-02-08 01:00:00+00:00,10000.0,10000.0,10000.0,7695.8910349803455
2026-02-08 02:00:00+00:00,10000.0,10000.0,10000.0,7694.907135058793
2026-02-08 03:00:00+00:00,10000.0,10000.0,10000.0,7664.878775671737
2026-02-08 04:00:00+00:00,10000.0,10000.0,10000.0,7691.519502183463
2026-02-08 05:00:00+00:00,10000.0,10000.0,10000.0,7678.248500310362
2026-02-08 06:00:00+00:00,10000.0,10000.0,10000.0,7693.851134241074
2026-02-08 07:00:00+00:00,10000.0,10000.0,10000.0,7732.620340732783
2026-02-08 08:00:00+00:00,10000.0,10000.0,10000.0,7838.5421034260735
2026-02-08 09:00:00+00:00,10000.0,10000.0,10000.0,7776.601887395146
2026-02-08 10:00:00+00:00,10000.0,10000.0,10000.0,7794.2632792225895
2026-02-08 11:00:00+00:00,10000.0,10000.0,10000.0,7875.634132148464
2026-02-08 12:00:00+00:00,10000.0,10000.0,10000.0,7903.361918325491
2026-02-08 13:00:00+00:00,10000.0,10000.0,10000.0,7932.736932668813
2026-02-08 14:00:00+00:00,10000.0,10000.0,10000.0,7904.719633662559
2026-02-08 15:00:00+00:00,10000.0,10000.0,10000.0,7896.599963509509
2026-02-08 16:00:00+00:00,10000.0,10000.0,10000.0,7810.856468542194
2026-02-08 17:00:00+00:00,10000.0,10000.0,10000.0,7851.897407885469
2026-02-08 18:00:00+00:00,10000.0,10000.0,10000.0,7891.969976730979
2026-02-08 19:00:00+00:00,10000.0,10000.0,10000.0,7922.554067640808
2026-02-08 20:00:00+00:00,10000.0,10000.0,10000.0,7857.352672613981
2026-02-08 21:00:00+00:00,10000.0,10000.0,10000.0,7842.359013944746
2026-02-08 22:00:00+00:00,10000.0,10000.0,10000.0,7882.9673479110115
2026-02-08 23:00:00+00:00,10000.0,10000.0,10000.0,7801.359116650063
2026-02-09 00:00:00+00:00,10000.0,10000.0,10000.0,7820.438123020622
2026-02-09 01:00:00+00:00,10000.0,10000.0,10000.0,7805.701809088478
2026-02-09 02:00:00+00:00,10000.0,10000.0,10000.0,7834.593192805197
2026-02-09 03:00:00+00:00,10000.0,10000.0,10000.0,7909.752276215075
2026-02-09 04:00:00+00:00,10000.0,10000.0,10000.0,7876.192082160352
2026-02-09 05:00:00+00:00,10000.0,10000.0,10000.0,7880.57359815824
2026-02-09 06:00:00+00:00,10000.0,10000.0,10000.0,7838.803885141396
2026-02-09 07:00:00+00:00,10000.0,10000.0,10000.0,7811.587460704883
2026-02-09 08:00:00+00:00,10000.0,10000.0,10000.0,7750.734304339254
2026-02-09 09:00:00+00:00,10000.0,10000.0,10000.0,7723.708669966447
2026-02-09 10:00:00+00:00,10000.0,10000.0,10000.0,7623.602676482506
2026-02-09 11:00:00+00:00,10000.0,10000.0,10000.0,7645.880744153801
2026-02-09 12:00:00+00:00,10000.0,10000.0,10000.0,7670.094443576064
2026-02-09 13:00:00+00:00,10000.0,10000.0,10000.0,7608.815337300767
2026-02-09 14:00:00+00:00,10000.0,10000.0,10000.0,7683.958891286856
2026-02-09 15:00:00+00:00,10000.0,10000.0,10000.0,7716.278949927493
2026-02-09 16:00:00+00:00,10000.0,10000.0,10000.0,7775.028978614136
2026-02-09 17:00:00+00:00,10000.0,10000.0,10000.0,7832.629829940319
2026-02-09 18:00:00+00:00,10000.0,10000.0,10000.0,7811.153746083321
2026-02-09 19:00:00+00:00,10000.0,10000.0,10000.0,7870.867708289499
2026-02-09 20:00:00+00:00,10000.0,10000.0,10000.0,7846.652899622682
2026-02-09 21:00:00+00:00,10000.0,10000.0,10000.0,7809.081677251915
2026-02-09 22:00:00+00:00,10000.0,10000.0,10000.0,7806.082279971333
2026-02-09 23:00:00+00:00,10000.0,10000.0,10000.0,7780.019469873505
2026-02-10 00:00:00+00:00,10000.0,10000.0,10000.0,7745.558569238961
2026-02-10 01:00:00+00:00,10000.0,10000.0,10000.0,7818.71213849082
2026-02-10 02:00:00+00:00,10000.0,10000.0,10000.0,7776.124912235886
2026-02-10 03:00:00+00:00,10000.0,10000.0,10000.0,7710.561903483664
2026-02-10 04:00:00+00:00,10000.0,10000.0,10000.0,7746.034435153668
2026-02-10 05:00:00+00:00,10000.0,10000.0,10000.0,7703.441662675953
2026-02-10 06:00:00+00:00,10000.0,10000.0,10000.0,7645.0632309157145
2026-02-10 07:00:00+00:00,10000.0,10000.0,10000.0,7644.875768585678
2026-02-10 08:00:00+00:00,10000.0,10000.0,10000.0,7669.538712053294
2026-02-10 09:00:00+00:00,10000.0,10000.0,10000.0,7670.5924943819
2026-02-10 10:00:00+00:00,10000.0,10000.0,10000.0,7645.099835986076
2026-02-10 11:00:00+00:00,10000.0,10000.0,10000.0,7602.208676722682
2026-02-10 12:00:00+00:00,10000.0,10000.0,10000.0,7610.54021258601
2026-02-10 13:00:00+00:00,10000.0,10000.0,10000.0,7656.887777887234
2026-02-10 14:00:00+00:00,10000.0,10000.0,10000.0,7593.9326030871725
2026-02-10 15:00:00+00:00,10000.0,10000.0,10000.0,7686.32934690394
2026-02-10 16:00:00+00:00,10000.0,10000.0,10000.0,7711.214139282842
2026-02-10 17:00:00+00:00,10000.0,10000.0,10000.0,7756.426947402838
2026-02-10 18:00:00+00:00,10000.0,10000.0,10000.0,7642.069379857913
2026-02-10 19:00:00+00:00,10000.0,10000.0,10000.0,7660.665864846425
2026-02-10 20:00:00+00:00,10000.0,10000.0,10000.0,7626.4667459272005
2026-02-10 21:00:00+00:00,10000.0,10000.0,10000.0,7615.652720746587
2026-02-10 22:00:00+00:00,10000.0,10000.0,10000.0,7621.306540250698
2026-02-10 23:00:00+00:00,10000.0,10000.0,10000.0,7636.1826189969515
2026-02-11 00:00:00+00:00,10000.0,10000.0,10000.0,7676.098784360008
2026-02-11 01:00:00+00:00,10000.0,10000.0,10000.0,7651.790799150449
2026-02-11 02:00:00+00:00,10000.0,10000.0,10000.0,7617.995445249763
2026-02-11 03:00:00+00:00,10000.0,10000.0,10000.0,7563.715672125525
2026-02-11 04:00:00+00:00,10000.0,10000.0,10000.0,7496.769435411437
2026-02-11 05:00:00+00:00,10000.0,10000.0,10000.0,7476.783066993721
2026-02-11 06:00:00+00:00,10000.0,10000.0,10000.0,7412.007621876563
2026-02-11 07:00:00+00:00,10000.0,10000.0,10000.0,7435.567976255089
2026-02-11 08:00:00+00:00,10000.0,10000.0,10000.0,7429.83872812114
2026-02-11 09:00:00+00:00,10000.0,10000.0,9998.942649057379,7417.74352547785
2026-02-11 10:00:00+00:00,10000.0,10000.0,9997.435694624673,7380.02477358108
2026-02-11 11:00:00+00:00,10000.0,10000.0,9999.756238121789,7437.820851949194
2026-02-11 12:00:00+00:00,10000.0,10000.0,10000.111923121129,7446.74694289477
2026-02-11 13:00:00+00:00,10000.0,10000.0,10001.529078978941,7482.352583911546
2026-02-11 14:00:00+00:00,10000.0,10000.0,10000.89587068473,7385.860509192448
2026-02-11 15:00:00+00:00,10000.0,10000.0,10000.89587068473,7378.6648397549
2026-02-11 16:00:00+00:00,10000.0,10000.0,10000.89587068473,7325.3501093947525
2026-02-11 17:00:00+00:00,10000.0,10000.0,10000.89587068473,7378.501780805103
2026-02-11 18:00:00+00:00,10000.0,10000.0,10000.89587068473,7462.48046768314
2026-02-11 19:00:00+00:00,10000.0,10000.0,10000.89587068473,7497.014578458407
2026-02-11 20:00:00+00:00,10000.0,10000.0,10000.89587068473,7493.610306914731
2026-02-11 21:00:00+00:00,10000.0,10000.0,10000.89587068473,7521.9171187502125
2026-02-11 22:00:00+00:00,10000.0,10000.0,10000.89587068473,7479.984346783572
2026-02-11 23:00:00+00:00,10000.0,10000.0,10000.89587068473,7441.0920141461
2026-02-12 00:00:00+00:00,10000.0,10000.0,10000.89587068473,7483.046971003868
2026-02-12 01:00:00+00:00,10000.0,10000.0,10000.89587068473,7509.4758318053155
2026-02-12 02:00:00+00:00,10000.0,10000.0,10000.89587068473,7480.649893517427
2026-02-12 03:00:00+00:00,10000.0,10000.0,10000.89587068473,7496.3845275503545
2026-02-12 04:00:00+00:00,10000.0,10000.0,10000.89587068473,7433.979538050282
2026-02-12 05:00:00+00:00,10000.0,10000.0,10000.89587068473,7447.682036055834
2026-02-12 06:00:00+00:00,10000.0,10000.0,10000.89587068473,7445.86731196152
2026-02-12 07:00:00+00:00,10000.0,10000.0,10000.89587068473,7456.089000549001
2026-02-12 08:00:00+00:00,10000.0,10000.0,10000.89587068473,7447.595514980433
2026-02-12 09:00:00+00:00,10000.0,10000.0,10000.89587068473,7492.999113164137
2026-02-12 10:00:00+00:00,10000.0,10000.0,10000.89587068473,7544.417035332791
2026-02-12 11:00:00+00:00,10000.0,10000.0,10000.89587068473,7551.294351582643
2026-02-12 12:00:00+00:00,10000.0,10000.0,10000.89587068473,7527.922568778708
2026-02-12 13:00:00+00:00,10000.0,10000.0,10000.89587068473,7584.634915215193
2026-02-12 14:00:00+00:00,10000.0,10000.0,10000.89587068473,7495.944157461452
2026-02-12 15:00:00+00:00,10000.0,10000.0,10000.89587068473,7446.884489219763
2026-02-12 16:00:00+00:00,10000.0,10000.0,10000.89587068473,7305.858464049199
2026-02-12 17:00:00+00:00,10000.0,10000.0,10000.89587068473,7256.0112321724455
2026-02-12 18:00:00+00:00,10000.0,10000.0,10000.89587068473,7275.640423842993
2026-02-12 19:00:00+00:00,10000.0,10000.0,10000.89587068473,7297.538020631435
2026-02-12 20:00:00+00:00,10000.0,10000.0,10000.89587068473,7257.627401491161
2026-02-12 21:00:00+00:00,10000.0,10000.0,10000.89587068473,7304.360983898021
2026-02-12 22:00:00+00:00,10000.0,10000.0,10000.89587068473,7352.960315648793
2026-02-12 23:00:00+00:00,10000.0,10000.0,10000.89587068473,7351.204381515968
2026-02-13 00:00:00+00:00,10000.0,10000.0,10000.89587068473,7311.984821734351
2026-02-13 01:00:00+00:00,10000.0,10000.0,10000.89587068473,7371.479153518356
2026-02-13 02:00:00+00:00,10000.0,10000.0,10000.89587068473,7394.565860471288
2026-02-13 03:00:00+00:00,10000.0,10000.0,10000.89587068473,7382.364170350583
2026-02-13 04:00:00+00:00,10000.0,10000.0,10000.89587068473,7357.53262171039
2026-02-13 05:00:00+00:00,10000.0,10000.0,10000.89587068473,7340.513482481117
2026-02-13 06:00:00+00:00,10000.0,10000.0,10000.89587068473,7360.867010847012
2026-02-13 07:00:00+00:00,10000.0,10000.0,10000.89587068473,7344.1928466747895
2026-02-13 08:00:00+00:00,10000.0,10000.0,10000.89587068473,7398.656754395395
2026-02-13 09:00:00+00:00,10000.0,10000.0,10000.89587068473,7427.469381748607
2026-02-13 10:00:00+00:00,10000.0,10000.0,10000.89587068473,7429.460475727394
2026-02-13 11:00:00+00:00,10000.0,10000.0,10000.89587068473,7450.95319825274
2026-02-13 12:00:00+00:00,10000.0,10000.0,10000.89587068473,7441.256182340448
2026-02-13 13:00:00+00:00,10000.0,10000.0,10000.89587068473,7462.348467580921
2026-02-13 14:00:00+00:00,10000.0,10000.0,10000.89587068473,7513.30272552499
2026-02-13 15:00:00+00:00,10000.0,10000.0,10000.89587068473,7619.6360179487165
2026-02-13 16:00:00+00:00,10000.0,10000.0,10000.89587068473,7648.761452266843
2026-02-13 17:00:00+00:00,10000.0,10000.0,10000.89587068473,7659.110703978314
2026-02-13 18:00:00+00:00,10000.0,10000.0,10000.89587068473,7668.206509341021
2026-02-13 19:00:00+00:00,10000.0,10000.0,10000.89587068473,7647.011064356798
2026-02-13 20:00:00+00:00,10000.0,10000.0,10000.89587068473,7629.064596678351
2026-02-13 21:00:00+00:00,10000.0,10000.0,10000.89587068473,7642.97008643773
2026-02-13 22:00:00+00:00,10000.0,10000.0,10000.89587068473,7653.263875921381
2026-02-13 23:00:00+00:00,10000.0,10000.0,10000.89587068473,7637.588031849945
2026-02-14 00:00:00+00:00,10000.0,10000.0,10000.89587068473,7663.797262229222
2026-02-14 01:00:00+00:00,10000.0,10000.0,10000.89587068473,7649.8507304212535
2026-02-14 02:00:00+00:00,10000.0,10000.0,10000.89587068473,7640.943496633139
2026-02-14 03:00:00+00:00,10000.0,10000.0,10000.89587068473,7651.789689905891
2026-02-14 04:00:00+00:00,10000.0,10000.0,10000.89587068473,7630.493303667032
2026-02-14 05:00:00+00:00,10000.0,10000.0,10000.89587068473,7628.654176192475
2026-02-14 06:00:00+00:00,10000.0,10000.0,10000.89587068473,7646.796980157407
2026-02-14 07:00:00+00:00,10000.0,10000.0,10000.89587068473,7678.108735496252
2026-02-14 08:00:00+00:00,10000.0,10000.0,10000.89587068473,7736.559268152659
2026-02-14 09:00:00+00:00,10000.0,10000.0,10000.116247000895,7733.0906604247075
2026-02-14 10:00:00+00:00,10000.0,10000.0,9999.898157113117,7728.313144120174
2026-02-14 11:00:00+00:00,10000.0,10000.0,10004.123122294746,7820.810829191576
2026-02-14 12:00:00+00:00,10000.0,10000.0,10003.472679192926,7724.801275854522
2026-02-14 13:00:00+00:00,10000.0,10000.0,10003.472679192926,7704.8126889476935
2026-02-14 14:00:00+00:00,10000.0,10000.0,10003.472679192926,7731.618692898328
2026-02-14 15:00:00+00:00,10000.0,10000.0,10003.472679192926,7740.117724689677
2026-02-14 16:00:00+00:00,10000.0,10000.0,10003.472679192926,7737.546495807877
2026-02-14 17:00:00+00:00,10000.0,10000.0,10003.472679192926,7735.802763365173
2026-02-14 18:00:00+00:00,10000.0,10000.0,10003.472679192926,7739.455505689488
2026-02-14 19:00:00+00:00,10000.0,10000.0,10003.472679192926,7750.7343043392475
2026-02-14 20:00:00+00:00,10000.0,10000.0,10003.472679192926,7767.273140675586
2026-02-14 21:00:00+00:00,10000.0,10000.0,10003.472679192926,7757.597200409866
2026-02-14 22:00:00+00:00,10000.0,10000.0,10003.472679192926,7760.247185655173
2026-02-14 23:00:00+00:00,10000.0,10000.0,10003.472679192926,7745.072720123239
2026-02-15 00:00:00+00:00,10000.0,10000.0,10003.472679192926,7739.983506098349
2026-02-15 01:00:00+00:00,10000.0,10000.0,10003.472679192926,7733.392374944054
2026-02-15 02:00:00+00:00,10000.0,10000.0,10003.472679192926,7707.032287305104
2026-02-15 03:00:00+00:00,10000.0,10000.0,10003.472679192926,7759.664832263047
2026-02-15 04:00:00+00:00,10000.0,10000.0,10003.472679192926,7785.12088558851
2026-02-15 05:00:00+00:00,10000.0,10000.0,10003.472679192926,7794.396388569359
2026-02-15 06:00:00+00:00,10000.0,10000.0,10003.472679192926,7809.649610464798
2026-02-15 07:00:00+00:00,10000.0,10000.0,10003.472679192926,7856.603932538386
2026-02-15 08:00:00+00:00,10000.0,10000.0,10003.472679192926,7814.241882928409
2026-02-15 09:00:00+00:00,10000.0,10000.0,10003.472679192926,7811.20144359924
2026-02-15 10:00:00+00:00,10000.0,10000.0,10003.472679192926,7812.078856043374
2026-02-15 11:00:00+00:00,10000.0,10000.0,10003.472679192926,7797.4590127896545
2026-02-15 12:00:00+00:00,10000.0,10000.0,10003.472679192926,7688.64101255953
2026-02-15 13:00:00+00:00,10000.0,10000.0,10003.472679192926,7646.022727457017
2026-02-15 14:00:00+00:00,10000.0,10000.0,10003.472679192926,7672.701168283661
2026-02-15 15:00:00+00:00,10000.0,10000.0,10003.472679192926,7664.878775671733
2026-02-15 16:00:00+00:00,10000.0,10000.0,10003.472679192926,7655.75634843967
2026-02-15 17:00:00+00:00,10000.0,10000.0,10003.472679192926,7613.988853911937
2026-02-15 18:00:00+00:00,10000.0,10000.0,10003.472679192926,7592.938719964606
2026-02-15 19:00:00+00:00,10000.0,10000.0,10003.472679192926,7574.65726043012
2026-02-15 20:00:00+00:00,10000.0,10000.0,10003.472679192926,7592.77898874848
2026-02-15 21:00:00+00:00,10000.0,10000.0,10003.472679192926,7637.371729161433
2026-02-15 22:00:00+00:00,10000.0,10000.0,10003.472679192926,7653.783002373784
2026-02-15 23:00:00+00:00,10000.0,10000.0,10003.472679192926,7635.216466988295
2026-02-16 00:00:00+00:00,10000.0,10000.0,10003.472679192926,7636.683997536448
2026-02-16 01:00:00+00:00,10000.0,10000.0,10003.472679192926,7612.83523957325
2026-02-16 02:00:00+00:00,10000.0,10000.0,10003.472679192926,7578.412053253626
2026-02-16 03:00:00+00:00,10000.0,10000.0,10003.472679192926,7589.9859109553945
2026-02-16 04:00:00+00:00,10000.0,10000.0,10003.472679192926,7639.375024830344
2026-02-16 05:00:00+00:00,10000.0,10000.0,10003.472679192926,7585.601067223835
2026-02-16 06:00:00+00:00,10000.0,10000.0,10003.472679192926,7592.867728312995
2026-02-16 07:00:00+00:00,10000.0,10000.0,10003.472679192926,7608.075471181619
2026-02-16 08:00:00+00:00,10000.0,10000.0,10003.472679192926,7627.4817046963235
2026-02-16 09:00:00+00:00,10000.0,10000.0,10003.472679192926,7652.978800070375
2026-02-16 10:00:00+00:00,10000.0,10000.0,10003.472679192926,7631.40510269241
2026-02-16 11:00:00+00:00,10000.0,10000.0,10003.472679192926,7633.025708989351
2026-02-16 12:00:00+00:00,10000.0,10000.0,10003.472679192926,7738.449420876808
2026-02-16 13:00:00+00:00,10000.0,10000.0,10003.472679192926,7586.689236133693
2026-02-16 14:00:00+00:00,10000.0,10000.0,10003.472679192926,7590.298717920308
2026-02-16 15:00:00+00:00,10000.0,10000.0,10003.472679192926,7491.784490374842
2026-02-16 16:00:00+00:00,10000.0,10000.0,10003.472679192926,7530.517091796187
2026-02-16 17:00:00+00:00,10000.0,10000.0,10003.472679192926,7537.523080414587
2026-02-16 18:00:00+00:00,10000.0,10000.0,10003.472679192926,7527.347980098474
2026-02-16 19:00:00+00:00,10000.0,10000.0,10003.472679192926,7533.260253584233
2026-02-16 20:00:00+00:00,10000.0,10000.0,10003.472679192926,7601.652945199904
2026-02-16 21:00:00+00:00,10000.0,10000.0,10003.472679192926,7638.577477994273
2026-02-16 22:00:00+00:00,10000.0,10000.0,10003.472679192926,7608.421555483227
2026-02-16 23:00:00+00:00,10000.0,10000.0,10003.472679192926,7641.855295658516
2026-02-17 00:00:00+00:00,10000.0,10000.0,10003.472679192926,7640.284605366615
2026-02-17 01:00:00+00:00,10000.0,10000.0,10003.472679192926,7611.426498986589
2026-02-17 02:00:00+00:00,10000.0,10000.0,10003.472679192926,7635.870921276587
2026-02-17 03:00:00+00:00,10000.0,10000.0,10003.472679192926,7595.541007693984
2026-02-17 04:00:00+00:00,10000.0,10000.0,10003.472679192926,7596.291966258687
2026-02-17 05:00:00+00:00,10000.0,10000.0,10003.472679192926,7570.118231705217
2026-02-17 06:00:00+00:00,10000.0,10000.0,10003.472679192926,7587.2327659663415
2026-02-17 07:00:00+00:00,10000.0,10000.0,10003.472679192926,7585.914983433305
2026-02-17 08:00:00+00:00,10000.0,10000.0,10003.472679192926,7562.555402319492
2026-02-17 09:00:00+00:00,10000.0,10000.0,10003.472679192926,7556.870523967799
2026-02-17 10:00:00+00:00,10000.0,10000.0,10003.472679192926,7525.702970421291
2026-02-17 11:00:00+00:00,10000.0,10000.0,10003.472679192926,7526.734567858768
2026-02-17 12:00:00+00:00,10000.0,10000.0,10003.472679192926,7533.932455785428
2026-02-17 13:00:00+00:00,10000.0,10000.0,10003.472679192926,7557.986423991564
2026-02-17 14:00:00+00:00,10000.0,10000.0,10003.472679192926,7418.0796265784375
2026-02-17 15:00:00+00:00,10000.0,10000.0,10003.472679192926,7475.426460901199
2026-02-17 16:00:00+00:00,10000.0,10000.0,10003.472679192926,7489.326404437795
2026-02-17 17:00:00+00:00,10000.0,10000.0,10003.472679192926,7459.028498623526
2026-02-17 18:00:00+00:00,10000.0,10000.0,10003.472679192926,7553.802353524717
2026-02-17 19:00:00+00:00,10000.0,10000.0,10003.472679192926,7519.937117216977
2026-02-17 20:00:00+00:00,10000.0,10000.0,10003.472679192926,7515.497920502152
2026-02-17 21:00:00+00:00,10000.0,10000.0,10003.472679192926,7507.427057109582
2026-02-17 22:00:00+00:00,10000.0,10000.0,10003.472679192926,7490.475581798254
2026-02-17 23:00:00+00:00,10000.0,10000.0,10003.472679192926,7487.7912099717
2026-02-18 00:00:00+00:00,10000.0,10000.0,10003.472679192926,7465.509814566733
2026-02-18 01:00:00+00:00,10000.0,10000.0,10003.472679192926,7450.263248138634
2026-02-18 02:00:00+00:00,10000.0,10000.0,10003.472679192926,7469.102657685003
2026-02-18 03:00:00+00:00,10000.0,10000.0,10003.472679192926,7501.722212355876
2026-02-18 04:00:00+00:00,10000.0,10000.0,10003.472679192926,7523.289254266501
2026-02-18 05:00:00+00:00,10000.0,10000.0,10003.472679192926,7504.57186162134
2026-02-18 06:00:00+00:00,10000.0,10000.0,10003.472679192926,7526.281996079746
2026-02-18 07:00:00+00:00,10000.0,10000.0,10003.472679192926,7554.669782767845
2026-02-18 08:00:00+00:00,10000.0,10000.0,10003.472679192926,7557.595969907702
2026-02-18 09:00:00+00:00,10000.0,10000.0,10003.472679192926,7560.365753565102
2026-02-18 10:00:00+00:00,10000.0,10000.0,10003.472679192926,7520.817857394781
2026-02-18 11:00:00+00:00,10000.0,10000.0,10003.472679192926,7472.952845540365
2026-02-18 12:00:00+00:00,10000.0,10000.0,10003.472679192926,7482.748584218179
2026-02-18 13:00:00+00:00,10000.0,10000.0,10003.472679192926,7458.21431311911
2026-02-18 14:00:00+00:00,10000.0,10000.0,10003.472679192926,7456.758984261075
2026-02-18 15:00:00+00:00,10000.0,10000.0,10003.472679192926,7508.921209527093
2026-02-18 16:00:00+00:00,10000.0,10000.0,10003.472679192926,7448.060288449568
2026-02-18 17:00:00+00:00,10000.0,10000.0,10003.472679192926,7452.724661809347
2026-02-18 18:00:00+00:00,10000.0,10000.0,10003.472679192926,7360.945767210511
2026-02-18 19:00:00+00:00,10000.0,10000.0,10003.472679192926,7340.663230496227
2026-02-18 20:00:00+00:00,10000.0,10000.0,10003.472679192926,7350.785087073631
2026-02-18 21:00:00+00:00,10000.0,10000.0,10003.472679192926,7359.034538839785
2026-02-18 22:00:00+00:00,10000.0,10000.0,10003.472679192926,7366.362208379548
2026-02-18 23:00:00+00:00,10000.0,10000.0,10003.472679192926,7372.150246474987
2026-02-19 00:00:00+00:00,10000.0,10000.0,10003.472679192926,7370.540732623612
2026-02-19 01:00:00+00:00,10000.0,10000.0,10003.472679192926,7417.143424172812
2026-02-19 02:00:00+00:00,10000.0,10000.0,10003.472679192926,7413.658177776515
2026-02-19 03:00:00+00:00,10000.0,10000.0,10003.472679192926,7429.820980208226
2026-02-19 04:00:00+00:00,10000.0,10000.0,10003.472679192926,7410.058679190908
2026-02-19 05:00:00+00:00,10000.0,10000.0,10003.472679192926,7417.668096848003
2026-02-19 06:00:00+00:00,10000.0,10000.0,10003.472679192926,7448.59050734754
2026-02-19 07:00:00+00:00,10000.0,10000.0,10003.472679192926,7454.838881933897
2026-02-19 08:00:00+00:00,10000.0,10000.0,10003.472679192926,7428.180407509267
2026-02-19 09:00:00+00:00,10000.0,10000.0,10003.472679192926,7413.746917341029
2026-02-19 10:00:00+00:00,10000.0,10000.0,10003.472679192926,7414.5322624869805
2026-02-19 11:00:00+00:00,10000.0,10000.0,10003.472679192926,7376.034820911596
2026-02-19 12:00:00+00:00,10000.0,10000.0,10003.472679192926,7378.32541092062
2026-02-19 13:00:00+00:00,10000.0,10000.0,10003.472679192926,7311.40468683133
2026-02-19 14:00:00+00:00,10000.0,10000.0,10003.472679192926,7367.7354531404035
2026-02-19 15:00:00+00:00,10000.0,10000.0,10003.472679192926,7365.162005769491
2026-02-19 16:00:00+00:00,10000.0,10000.0,10003.472679192926,7353.573727888489
2026-02-19 17:00:00+00:00,10000.0,10000.0,10003.472679192926,7361.99178482722
2026-02-19 18:00:00+00:00,10000.0,10000.0,10003.472679192926,7435.320614718994
2026-02-19 19:00:00+00:00,10000.0,10000.0,10003.472679192926,7437.4847508485855
2026-02-19 20:00:00+00:00,10000.0,10000.0,10003.472679192926,7448.478473647341
2026-02-19 21:00:00+00:00,10000.0,10000.0,10003.472679192926,7422.677445264829
2026-02-19 22:00:00+00:00,10000.0,10000.0,10003.472679192926,7422.525478760599
2026-02-19 23:00:00+00:00,10000.0,10000.0,10003.472679192926,7432.352276285993
2026-02-20 00:00:00+00:00,10000.0,10000.0,10003.472679192926,7457.330245207634
2026-02-20 01:00:00+00:00,10000.0,10000.0,10003.472679192926,7462.9862832008575
2026-02-20 02:00:00+00:00,10000.0,10000.0,10003.472679192926,7458.785574065666
2026-02-20 03:00:00+00:00,10000.0,10000.0,10003.472679192926,7472.5646099456135
2026-02-20 04:00:00+00:00,10000.0,10000.0,10003.472679192926,7461.314651654323
2026-02-20 05:00:00+00:00,10000.0,10000.0,10003.472679192926,7519.579940469806
2026-02-20 06:00:00+00:00,10000.0,10000.0,10003.472679192926,7525.943676490032
2026-02-20 07:00:00+00:00,10000.0,10000.0,10003.472679192926,7523.552145226375
2026-02-20 08:00:00+00:00,10000.0,10000.0,10003.472679192926,7529.550939787537
2026-02-20 09:00:00+00:00,10000.0,10000.0,10003.472679192926,7567.13880082665
2026-02-20 10:00:00+00:00,10000.0,10000.0,10003.472679192926,7537.204727226889
2026-02-20 11:00:00+00:00,10000.0,10000.0,10003.472679192926,7467.257983987664
2026-02-20 12:00:00+00:00,10000.0,10000.0,10003.472679192926,7492.0340704000355
2026-02-20 13:00:00+00:00,10000.0,10000.0,10003.472679192926,7409.933334556029
2026-02-20 14:00:00+00:00,10000.0,10000.0,10003.732505751848,7439.6644164019635
2026-02-20 15:00:00+00:00,10000.0,10000.0,10004.679291863125,7496.601939483403
2026-02-20 16:00:00+00:00,10000.0,10000.0,10005.06834634055,7520.175604796606
2026-02-20 17:00:00+00:00,10000.0,10000.0,10004.818622311235,7499.976261424055
2026-02-20 18:00:00+00:00,10000.0,10000.0,10004.818622311235,7534.456019216058
2026-02-20 19:00:00+00:00,10000.0,10000.0,10004.818622311235,7503.599054145349
2026-02-20 20:00:00+00:00,10000.0,10000.0,10004.818622311235,7515.1762395807855
2026-02-20 21:00:00+00:00,10000.0,10000.0,10004.818622311235,7523.547708248146
2026-02-20 22:00:00+00:00,10000.0,10000.0,10004.818622311235,7551.5295114285955
2026-02-20 23:00:00+00:00,10000.0,10000.0,10004.818622311235,7545.082582066636
2026-02-21 00:00:00+00:00,10000.0,10000.0,10004.818622311235,7525.225995262022
2026-02-21 01:00:00+00:00,10000.0,10000.0,10004.818622311235,7537.454307252083
2026-02-21 02:00:00+00:00,10000.0,10000.0,10004.818622311235,7542.97945438765
2026-02-21 03:00:00+00:00,10000.0,10000.0,10004.818622311235,7506.010551811023
2026-02-21 04:00:00+00:00,10000.0,10000.0,10004.818622311235,7522.560480592926
2026-02-21 05:00:00+00:00,10000.0,10000.0,10004.818622311235,7526.4383995621965
2026-02-21 06:00:00+00:00,10000.0,10000.0,10004.818622311235,7519.943772684313
2026-02-21 07:00:00+00:00,10000.0,10000.0,10004.818622311235,7526.8909713412195
2026-02-21 08:00:00+00:00,10000.0,10000.0,10004.818622311235,7548.967156503245
2026-02-21 09:00:00+00:00,10000.0,10000.0,10004.818622311235,7559.227668650203
2026-02-21 10:00:00+00:00,10000.0,10000.0,10004.818622311235,7566.771640878468
2026-02-21 11:00:00+00:00,10000.0,10000.0,10004.818622311235,7553.117949633399
2026-02-21 12:00:00+00:00,10000.0,10000.0,10004.818622311235,7565.427236476078
2026-02-21 13:00:00+00:00,10000.0,10000.0,10004.818622311235,7571.702232931791
2026-02-21 14:00:00+00:00,10000.0,10000.0,10004.818622311235,7592.780097993031
2026-02-21 15:00:00+00:00,10000.0,10000.0,10004.818622311235,7611.081523929533
2026-02-21 16:00:00+00:00,10000.0,10000.0,10004.818622311235,7578.647213099585
2026-02-21 17:00:00+00:00,10000.0,10000.0,10004.818622311235,7591.386886830157
2026-02-21 18:00:00+00:00,10000.0,10000.0,10004.818622311235,7606.533621248178
2026-02-21 19:00:00+00:00,10000.0,10000.0,10004.818622311235,7603.1515345956295
2026-02-21 20:00:00+00:00,10000.0,10000.0,10004.818622311235,7566.289119496421
2026-02-21 21:00:00+00:00,10000.0,10000.0,10004.818622311235,7585.008730630696
2026-02-21 22:00:00+00:00,10000.0,10000.0,10004.818622311235,7539.757098951224
2026-02-21 23:00:00+00:00,10000.0,10000.0,10004.818622311235,7540.1930320619
2026-02-22 00:00:00+00:00,10000.0,10000.0,10004.818622311235,7536.873063104512
2026-02-22 01:00:00+00:00,10000.0,10000.0,10004.818622311235,7560.534358737674
2026-02-22 02:00:00+00:00,10000.0,10000.0,10004.818622311235,7532.8442868755665
2026-02-22 03:00:00+00:00,10000.0,10000.0,10004.818622311235,7547.458583906502
2026-02-22 04:00:00+00:00,10000.0,10000.0,10004.818622311235,7541.0327301911175
2026-02-22 05:00:00+00:00,10000.0,10000.0,10004.818622311235,7540.369401946374
2026-02-22 06:00:00+00:00,10000.0,10000.0,10004.818622311235,7547.092533202884
2026-02-22 07:00:00+00:00,10000.0,10000.0,10004.818622311235,7543.450883324131
2026-02-22 08:00:00+00:00,10000.0,10000.0,10004.818622311235,7537.32785337265
2026-02-22 09:00:00+00:00,10000.0,10000.0,10004.818622311235,7548.777475684099
2026-02-22 10:00:00+00:00,10000.0,10000.0,10004.818622311235,7557.234356182303
2026-02-22 11:00:00+00:00,10000.0,10000.0,10004.818622311235,7567.263036216967
2026-02-22 12:00:00+00:00,10000.0,10000.0,10004.818622311235,7534.900826283185
2026-02-22 13:00:00+00:00,10000.0,10000.0,10004.818622311235,7504.303424438681
2026-02-22 14:00:00+00:00,10000.0,10000.0,10004.818622311235,7481.1767846817165
2026-02-22 15:00:00+00:00,10000.0,10000.0,10004.818622311235,7507.826385149895
2026-02-22 16:00:00+00:00,10000.0,10000.0,10004.818622311235,7502.127086618968
2026-02-22 17:00:00+00:00,10000.0,10000.0,10004.818622311235,7474.587872016536
2026-02-22 18:00:00+00:00,10000.0,10000.0,10004.818622311235,7478.817421510194
2026-02-22 19:00:00+00:00,10000.0,10000.0,10004.818622311235,7479.44969090736
2026-02-22 20:00:00+00:00,10000.0,10000.0,10004.818622311235,7476.501318876374
2026-02-22 21:00:00+00:00,10000.0,10000.0,10004.818622311235,7499.8975050605495
2026-02-22 22:00:00+00:00,10000.0,10000.0,10004.818622311235,7505.831963437439
2026-02-22 23:00:00+00:00,10000.0,10000.0,10004.818622311235,7503.307322827009
2026-02-23 00:00:00+00:00,10000.0,10000.0,10004.818622311235,7403.150304093473
2026-02-23 01:00:00+00:00,10000.0,10000.0,10004.818622311235,7146.602004593736
2026-02-23 02:00:00+00:00,10000.0,10000.0,10004.818622311235,7186.081127601557
2026-02-23 03:00:00+00:00,10000.0,10000.0,10004.818622311235,7202.7874598659155
2026-02-23 04:00:00+00:00,10000.0,10000.0,10004.818622311235,7188.826507878715
2026-02-23 05:00:00+00:00,10000.0,10000.0,10004.818622311235,7217.954160685953
2026-02-23 06:00:00+00:00,10000.0,10000.0,10004.818622311235,7294.09492552827
2026-02-23 07:00:00+00:00,10000.0,10000.0,10004.818622311235,7316.459514274967
2026-02-23 08:00:00+00:00,10000.0,10000.0,10004.818622311235,7285.123355555881
2026-02-23 09:00:00+00:00,10000.0,10000.0,10004.818622311235,7365.928493757979
2026-02-23 10:00:00+00:00,10000.0,10000.0,10004.818622311235,7356.475511648101
2026-02-23 11:00:00+00:00,10000.0,10000.0,10004.818622311235,7344.000947366513
2026-02-23 12:00:00+00:00,10000.0,10000.0,10004.818622311235,7352.117289785895
2026-02-23 13:00:00+00:00,10000.0,10000.0,10004.818622311235,7335.729310709233
2026-02-23 14:00:00+00:00,10000.0,10000.0,10004.818622311235,7312.531679300658
2026-02-23 15:00:00+00:00,10000.0,10000.0,10004.818622311235,7283.310849950681
2026-02-23 16:00:00+00:00,10000.0,10000.0,10004.818622311235,7250.538219531021
2026-02-23 17:00:00+00:00,10000.0,10000.0,10004.818622311235,7189.3755839341475
2026-02-23 18:00:00+00:00,10000.0,10000.0,10004.818622311235,7169.65654345453
2026-02-23 19:00:00+00:00,10000.0,10000.0,10004.818622311235,7131.898967998283
2026-02-23 20:00:00+00:00,10000.0,10000.0,10004.818622311235,7151.647958080925
2026-02-23 21:00:00+00:00,10000.0,10000.0,10004.818622311235,7163.574555551637
2026-02-23 22:00:00+00:00,10000.0,10000.0,10004.818622311235,7179.647509174276
2026-02-23 23:00:00+00:00,10000.0,10000.0,10004.818622311235,7171.9338225288775
2026-02-24 00:00:00+00:00,10000.0,10000.0,10004.818622311235,7203.592771413885
2026-02-24 01:00:00+00:00,10000.0,10000.0,10004.818622311235,7116.943023643969
2026-02-24 02:00:00+00:00,10000.0,10000.0,10004.818622311235,7111.345775612234
2026-02-24 03:00:00+00:00,10000.0,10000.0,10004.818622311235,7054.297328075152
2026-02-24 04:00:00+00:00,10000.0,10000.0,10004.818622311235,7030.263326271031
2026-02-24 05:00:00+00:00,10000.0,10000.0,10004.818622311235,6999.864479202126
2026-02-24 06:00:00+00:00,10000.0,10000.0,10004.818622311235,6997.424141177985
2026-02-24 07:00:00+00:00,10000.0,10000.0,10004.818622311235,7009.64468845615
2026-02-24 08:00:00+00:00,10000.0,10000.0,10004.818622311235,7031.7397307756355
2026-02-24 09:00:00+00:00,10000.0,10000.0,10004.818622311235,7015.970710161458
2026-02-24 10:00:00+00:00,10000.0,10000.0,10004.818622311235,7019.7987131256905
2026-02-24 11:00:00+00:00,10000.0,10000.0,10004.818622311235,7013.431649371794
2026-02-24 12:00:00+00:00,10000.0,10000.0,10004.818622311235,6984.807593593176
2026-02-24 13:00:00+00:00,10000.0,10000.0,10004.818622311235,6977.148259931041
2026-02-24 14:00:00+00:00,10000.0,10000.0,10004.818622311235,7038.599299112585
2026-02-24 15:00:00+00:00,10000.0,10000.0,10005.846024064693,7096.277797557718
2026-02-24 16:00:00+00:00,10000.0,10000.0,10006.598434620435,7128.617822600371
2026-02-24 17:00:00+00:00,10000.0,10000.0,10006.480739066135,7123.536373287376
2026-02-24 18:00:00+00:00,10000.0,10000.0,10007.034406807468,7147.423954810049
2026-02-24 19:00:00+00:00,10000.0,10000.0,10007.034329930591,7147.420627076379
2026-02-24 20:00:00+00:00,10000.0,10000.0,10007.131374219176,7151.621336211571
2026-02-24 21:00:00+00:00,10000.0,10000.0,10006.029493708103,7103.897198415821
2026-02-24 22:00:00+00:00,10000.0,10000.0,10006.231325711326,7112.581474048093
2026-02-24 23:00:00+00:00,10000.0,10000.0,10006.069621416329,7105.615418233726
2026-02-25 00:00:00+00:00,10000.0,10000.0,10006.497855070505,7124.045516538775
2026-02-25 01:00:00+00:00,10000.0,10000.0,10010.797446523751,7309.561122378544
2026-02-25 02:00:00+00:00,10000.0,10000.0,10010.464824903624,7308.238902867282
2026-02-25 03:00:00+00:00,10000.0,10000.0,10010.464824903624,7253.542053789826
2026-02-25 04:00:00+00:00,10000.0,10000.0,10010.464824903624,7260.891908220717
2026-02-25 05:00:00+00:00,10000.0,10000.0,10010.464824903624,7197.0848336013205
2026-02-25 06:00:00+00:00,10000.0,10000.0,10010.464824903624,7198.799725685559
2026-02-25 07:00:00+00:00,10000.0,10000.0,10010.464824903624,7213.228778875571
2026-02-25 08:00:00+00:00,10000.0,10000.0,10010.464824903624,7268.933931254818
2026-02-25 09:00:00+00:00,10000.0,10000.0,10010.464824903624,7272.064219393059
2026-02-25 10:00:00+00:00,10000.0,10000.0,10010.464824903624,7254.555903314402
2026-02-25 11:00:00+00:00,10000.0,10000.0,10010.464824903624,7257.791569685501
2026-02-25 12:00:00+00:00,10000.0,10000.0,10010.464824903624,7328.661204395673
2026-02-25 13:00:00+00:00,10000.0,10000.0,10010.464824903624,7348.592110585568
2026-02-25 14:00:00+00:00,10000.0,10000.0,10010.464824903624,7428.965752655215
2026-02-25 15:00:00+00:00,10000.0,10000.0,10010.464824903624,7477.676008861629
2026-02-25 16:00:00+00:00,10000.0,10000.0,10010.464824903624,7575.846370594604
2026-02-25 17:00:00+00:00,10000.0,10000.0,10010.464824903624,7617.648251703585
2026-02-25 18:00:00+00:00,10000.0,10000.0,10010.464824903624,7690.178425514731
2026-02-25 19:00:00+00:00,10000.0,10000.0,10010.464824903624,7658.031409024896
2026-02-25 20:00:00+00:00,10000.0,10000.0,10010.464824903624,7670.280796661529
2026-02-25 21:00:00+00:00,10000.0,10000.0,10010.464824903624,7644.882424053002
2026-02-25 22:00:00+00:00,10000.0,10000.0,10010.464824903624,7590.796768726139
2026-02-25 23:00:00+00:00,10000.0,10000.0,10010.464824903624,7541.5363272197355
2026-02-26 00:00:00+00:00,10000.0,10000.0,10010.464824903624,7580.132491560642
2026-02-26 01:00:00+00:00,10000.0,10000.0,10010.464824903624,7570.405526045326
2026-02-26 02:00:00+00:00,10000.0,10000.0,10010.464824903624,7571.420484814457
2026-02-26 03:00:00+00:00,10000.0,10000.0,10010.464824903624,7566.918061159918
2026-02-26 04:00:00+00:00,10000.0,10000.0,10010.464824903624,7606.240780685283
2026-02-26 05:00:00+00:00,10000.0,10000.0,10010.464824903624,7592.092366368047
2026-02-26 06:00:00+00:00,10000.0,10000.0,10010.464824903624,7562.468881244086
2026-02-26 07:00:00+00:00,10000.0,10000.0,10010.464824903624,7523.455640949963
2026-02-26 08:00:00+00:00,10000.0,10000.0,10010.464824903624,7537.761567994214
2026-02-26 09:00:00+00:00,10000.0,10000.0,10010.464824903624,7608.242967109637
2026-02-26 10:00:00+00:00,10000.0,10000.0,10010.464824903624,7576.3200180202
2026-02-26 11:00:00+00:00,10000.0,10000.0,10010.464824903624,7548.554517528257
2026-02-26 12:00:00+00:00,10000.0,10000.0,10010.464824903624,7561.8931833193
2026-02-26 13:00:00+00:00,10000.0,10000.0,10010.464824903624,7532.3639839826365
2026-02-26 14:00:00+00:00,10000.0,10000.0,10010.464824903624,7509.334957746639
2026-02-26 15:00:00+00:00,10000.0,10000.0,10010.464824903624,7474.311670121986
2026-02-26 16:00:00+00:00,10000.0,10000.0,10010.464824903624,7392.399505852573
2026-02-26 17:00:00+00:00,10000.0,10000.0,10010.464824903624,7412.726412349113
2026-02-26 18:00:00+00:00,10000.0,10000.0,10010.464824903624,7466.383899277196
2026-02-26 19:00:00+00:00,10000.0,10000.0,10010.464824903624,7497.297435820284
2026-02-26 20:00:00+00:00,10000.0,10000.0,10010.464824903624,7477.869017414451
2026-02-26 21:00:00+00:00,10000.0,10000.0,10010.464824903624,7483.368651925219
2026-02-26 22:00:00+00:00,10000.0,10000.0,10010.464824903624,7495.420594030808
2026-02-26 23:00:00+00:00,10000.0,10000.0,10010.464824903624,7485.756855455208
2026-02-27 00:00:00+00:00,10000.0,10000.0,10010.464824903624,7457.062917269534
2026-02-27 01:00:00+00:00,10000.0,10000.0,10010.464824903624,7471.01277681117
2026-02-27 02:00:00+00:00,10000.0,10000.0,10010.464824903624,7461.508769451697
2026-02-27 03:00:00+00:00,10000.0,10000.0,10010.464824903624,7498.586377994851
2026-02-27 04:00:00+00:00,10000.0,10000.0,10010.464824903624,7514.853449414865
2026-02-27 05:00:00+00:00,10000.0,10000.0,10010.464824903624,7512.357649162903
2026-02-27 06:00:00+00:00,10000.0,10000.0,10010.464824903624,7504.942349303182
2026-02-27 07:00:00+00:00,10000.0,10000.0,10010.464824903624,7508.542957133347
2026-02-27 08:00:00+00:00,10000.0,10000.0,10010.464824903624,7534.6811958610115
2026-02-27 09:00:00+00:00,10000.0,10000.0,10010.464824903624,7471.397684672247
2026-02-27 10:00:00+00:00,10000.0,10000.0,10010.464824903624,7388.113384886536
2026-02-27 11:00:00+00:00,10000.0,10000.0,10010.464824903624,7335.100369045737
2026-02-27 12:00:00+00:00,10000.0,10000.0,10010.464824903624,7313.028620861935
2026-02-27 13:00:00+00:00,10000.0,10000.0,10010.464824903624,7351.024683897815
2026-02-27 14:00:00+00:00,10000.0,10000.0,10010.464824903624,7308.545054364855
2026-02-27 15:00:00+00:00,10000.0,10000.0,10010.464824903624,7331.596265491981
2026-02-27 16:00:00+00:00,10000.0,10000.0,10010.464824903624,7262.802027346886
2026-02-27 17:00:00+00:00,10000.0,10000.0,10010.464824903624,7288.0905847443255
2026-02-27 18:00:00+00:00,10000.0,10000.0,10010.464824903624,7245.004198439
2026-02-27 19:00:00+00:00,10000.0,10000.0,10010.464824903624,7253.591969794864
2026-02-27 20:00:00+00:00,10000.0,10000.0,10010.464824903624,7276.053062817971
2026-02-27 21:00:00+00:00,10000.0,10000.0,10010.464824903624,7268.612250333453
2026-02-27 22:00:00+00:00,10000.0,10000.0,10010.464824903624,7280.858310236416
2026-02-27 23:00:00+00:00,10000.0,10000.0,10010.464824903624,7306.826834546948
2026-02-28 00:00:00+00:00,10000.0,10000.0,10010.464824903624,7314.580453996377
2026-02-28 01:00:00+00:00,10000.0,10000.0,10010.464824903624,7295.5413804298505
2026-02-28 02:00:00+00:00,10000.0,10000.0,10010.464824903624,7316.702438832824
2026-02-28 03:00:00+00:00,10000.0,10000.0,10010.464824903624,7298.542996199544
2026-02-28 04:00:00+00:00,10000.0,10000.0,10010.464824903624,7283.654715763169
2026-02-28 05:00:00+00:00,10000.0,10000.0,10010.464824903624,7275.64929779943
2026-02-28 06:00:00+00:00,10000.0,10000.0,10010.464824903624,7012.201497158713
2026-02-28 07:00:00+00:00,10000.0,10000.0,10010.464824903624,7079.864305856254
2026-02-28 08:00:00+00:00,10000.0,10000.0,10010.464824903624,7040.739031861932
2026-02-28 09:00:00+00:00,10000.0,10000.0,10010.464824903624,7061.288896514315
2026-02-28 10:00:00+00:00,10000.0,10000.0,10010.464824903624,7100.317666232228
2026-02-28 11:00:00+00:00,10000.0,10000.0,10010.464824903624,7081.883130948954
2026-02-28 12:00:00+00:00,10000.0,10000.0,10010.464824903624,7101.0719525305985
2026-02-28 13:00:00+00:00,10000.0,10000.0,10010.464824903624,7221.896415839498
2026-02-28 14:00:00+00:00,10000.0,10000.0,10010.464824903624,7147.484963260652
2026-02-28 15:00:00+00:00,10000.0,10000.0,10010.464824903624,7192.472594735695
2026-02-28 16:00:00+00:00,10000.0,10000.0,10010.464824903624,7220.549792947997
2026-02-28 17:00:00+00:00,10000.0,10000.0,10010.464824903624,7259.186999337489
2026-02-28 18:00:00+00:00,10000.0,10000.0,10010.464824903624,7311.234972414194
2026-02-28 19:00:00+00:00,10000.0,10000.0,10010.464824903624,7361.169834610905
2026-02-28 20:00:00+00:00,10000.0,10000.0,10010.464824903624,7427.459398547588
2026-02-28 21:00:00+00:00,10000.0,10000.0,10010.464824903624,7401.236857233635
2026-02-28 22:00:00+00:00,10000.0,10000.0,10010.464824903624,7443.434738649261
2026-02-28 23:00:00+00:00,10000.0,10000.0,10010.464824903624,7428.972408122554
2026-03-01 00:00:00+00:00,10000.0,10000.0,10010.464824903624,7408.787484929237
2026-03-01 01:00:00+00:00,10000.0,10000.0,10010.464824903624,7469.581851333377
2026-03-01 02:00:00+00:00,10000.0,10000.0,10010.464824903624,7500.783791461135
2026-03-01 03:00:00+00:00,10000.0,10000.0,10010.464824903624,7487.640352712022
2026-03-01 04:00:00+00:00,10000.0,10000.0,10010.464824903624,7470.373851946666
2026-03-01 05:00:00+00:00,10000.0,10000.0,10010.464824903624,7464.338452315142
2026-03-01 06:00:00+00:00,10000.0,10000.0,10010.464824903624,7423.805546978712
2026-03-01 07:00:00+00:00,10000.0,10000.0,10010.464824903624,7447.622136849775
2026-03-01 08:00:00+00:00,10000.0,10000.0,10010.464824903624,7383.147297007408
2026-03-01 09:00:00+00:00,10000.0,10000.0,10010.464824903624,7366.501973193654
2026-03-01 10:00:00+00:00,10000.0,10000.0,10010.464824903624,7372.822448676178
2026-03-01 11:00:00+00:00,10000.0,10000.0,10010.464824903624,7372.930045398153
2026-03-01 12:00:00+00:00,10000.0,10000.0,10010.464824903624,7353.900955032634
2026-03-01 13:00:00+00:00,10000.0,10000.0,10010.464824903624,7424.705144313978
2026-03-01 14:00:00+00:00,10000.0,10000.0,10010.464824903624,7415.055825917613
2026-03-01 15:00:00+00:00,10000.0,10000.0,10010.464824903624,7414.459052346255
2026-03-01 16:00:00+00:00,10000.0,10000.0,10010.464824903624,7336.038789940478
2026-03-01 17:00:00+00:00,10000.0,10000.0,10010.464824903624,7318.752322773108
2026-03-01 18:00:00+00:00,10000.0,10000.0,10010.464824903624,7356.158267704966
2026-03-01 19:00:00+00:00,10000.0,10000.0,10010.464824903624,7316.817800266697
2026-03-01 20:00:00+00:00,10000.0,10000.0,10010.464824903624,7243.366953473716
2026-03-01 21:00:00+00:00,10000.0,10000.0,10010.464824903624,7283.987489130102
2026-03-01 22:00:00+00:00,10000.0,10000.0,10010.464824903624,7239.896127256653
2026-03-01 23:00:00+00:00,10000.0,10000.0,10010.464824903624,7296.219128853832
2026-03-02 00:00:00+00:00,10000.0,10000.0,10010.464824903624,7376.644905417631
2026-03-02 01:00:00+00:00,10000.0,10000.0,10010.464824903624,7380.028101314736
2026-03-02 02:00:00+00:00,10000.0,10000.0,10010.464824903624,7351.714634011915
2026-03-02 03:00:00+00:00,10000.0,10000.0,10010.464824903624,7411.975453784412
2026-03-02 04:00:00+00:00,10000.0,10000.0,10010.464824903624,7416.644264122416
2026-03-02 05:00:00+00:00,10000.0,10000.0,10010.464824903624,7402.075446118293
2026-03-02 06:00:00+00:00,10000.0,10000.0,10010.464824903624,7343.742493384867
2026-03-02 07:00:00+00:00,10000.0,10000.0,10010.464824903624,7321.848224330097
2026-03-02 08:00:00+00:00,10000.0,10000.0,10010.464824903624,7352.294768914927
2026-03-02 09:00:00+00:00,10000.0,10000.0,10010.464824903624,7339.718154134147
2026-03-02 10:00:00+00:00,10000.0,10000.0,10010.464824903624,7356.110570189037
2026-03-02 11:00:00+00:00,10000.0,10000.0,10010.464824903624,7360.911380629257
2026-03-02 12:00:00+00:00,10000.0,10000.0,10010.464824903624,7316.957565080805
2026-03-02 13:00:00+00:00,10000.0,10000.0,10010.464824903624,7258.897486508261
2026-03-02 14:00:00+00:00,10000.0,10000.0,10010.464824903624,7451.5788121825535
2026-03-02 15:00:00+00:00,10000.0,10000.0,10010.464824903624,7668.229803476694
2026-03-02 16:00:00+00:00,10000.0,10000.0,10010.464824903624,7701.331879529613
2026-03-02 17:00:00+00:00,10000.0,10000.0,10010.464824903624,7675.750481569275
2026-03-02 18:00:00+00:00,10000.0,10000.0,10010.464824903624,7640.218050693223
2026-03-02 19:00:00+00:00,10000.0,10000.0,10010.464824903624,7650.07479782164
2026-03-02 20:00:00+00:00,10000.0,10000.0,10010.464824903624,7665.609767834411
2026-03-02 21:00:00+00:00,10000.0,10000.0,10010.464824903624,7699.690197586101
2026-03-02 22:00:00+00:00,10000.0,10000.0,10010.464824903624,7702.648552818093
2026-03-02 23:00:00+00:00,10000.0,10000.0,10010.464824903624,7634.936937360069
2026-03-03 00:00:00+00:00,10000.0,10000.0,10010.464824903624,7664.090102792106
2026-03-03 01:00:00+00:00,10000.0,10000.0,10010.464824903624,7627.166679242292
2026-03-03 02:00:00+00:00,10000.0,10000.0,10010.464824903624,7599.675162155786
2026-03-03 03:00:00+00:00,10000.0,10000.0,10010.464824903624,7584.785772474856
2026-03-03 04:00:00+00:00,10000.0,10000.0,10010.464824903624,7556.528876644413
2026-03-03 05:00:00+00:00,10000.0,10000.0,10010.464824903624,7537.067180901888
2026-03-03 06:00:00+00:00,10000.0,10000.0,10010.464824903624,7554.701950859977
2026-03-03 07:00:00+00:00,10000.0,10000.0,10010.464824903624,7562.030729644296
2026-03-03 08:00:00+00:00,10000.0,10000.0,10010.464824903624,7432.304578770064
2026-03-03 09:00:00+00:00,10000.0,10000.0,10010.464824903624,7392.890901191069
2026-03-03 10:00:00+00:00,10000.0,10000.0,10010.464824903624,7416.442381613146
2026-03-03 11:00:00+00:00,10000.0,10000.0,10010.464824903624,7434.890227831096
2026-03-03 12:00:00+00:00,10000.0,10000.0,10010.464824903624,7476.291671655207
2026-03-03 13:00:00+00:00,10000.0,10000.0,10010.464824903624,7424.319127208338
2026-03-03 14:00:00+00:00,10000.0,10000.0,10010.464824903624,7384.124541461619
2026-03-03 15:00:00+00:00,10000.0,10000.0,10010.464824903624,7512.448607216526
2026-03-03 16:00:00+00:00,10000.0,10000.0,10010.464824903624,7562.374595456786
2026-03-03 17:00:00+00:00,10000.0,10000.0,10010.464824903624,7578.210170744351
2026-03-03 18:00:00+00:00,10000.0,10000.0,10010.464824903624,7612.577894836155
2026-03-03 19:00:00+00:00,10000.0,10000.0,10010.464824903624,7591.115121913832
2026-03-03 20:00:00+00:00,10000.0,10000.0,10010.464824903624,7572.368888910201
2026-03-03 21:00:00+00:00,10000.0,10000.0,10010.464824903624,7545.593943807146
2026-03-03 22:00:00+00:00,10000.0,10000.0,10010.464824903624,7579.157465595539
2026-03-03 23:00:00+00:00,10000.0,10000.0,10010.464824903624,7580.355449716482
2026-03-04 00:00:00+00:00,10000.0,10000.0,10010.464824903624,7553.2000337305735
2026-03-04 01:00:00+00:00,10000.0,10000.0,10010.464824903624,7587.78738824455
2026-03-04 02:00:00+00:00,10000.0,10000.0,10010.464824903624,7578.728187952204
2026-03-04 03:00:00+00:00,10000.0,10000.0,10010.464824903624,7513.157414488086
2026-03-04 04:00:00+00:00,10000.0,10000.0,10010.464824903624,7519.1251502016685
2026-03-04 05:00:00+00:00,10000.0,10000.0,10010.464824903624,7565.778867000465
2026-03-04 06:00:00+00:00,10000.0,10000.0,10010.464824903624,7599.21482566487
2026-03-04 07:00:00+00:00,10000.0,10000.0,10010.464824903624,7708.48761616313
2026-03-04 08:00:00+00:00,10000.0,10000.0,10010.464824903624,7876.900889431895
2026-03-04 09:00:00+00:00,10000.0,10000.0,10010.464824903624,7933.401370158102
2026-03-04 10:00:00+00:00,10000.0,10000.0,10010.464824903624,7914.340111700446
2026-03-04 11:00:00+00:00,10000.0,10000.0,10010.464824903624,7887.993334996173
2026-03-04 12:00:00+00:00,10000.0,10000.0,10010.464824903624,7913.318497463977
2026-03-04 13:00:00+00:00,10000.0,10000.0,10010.464824903624,7928.566173136633
2026-03-04 14:00:00+00:00,10000.0,10000.0,10010.464824903624,7944.524874569959
2026-03-04 15:00:00+00:00,10000.0,10000.0,10010.464824903624,8141.508959878637
2026-03-04 16:00:00+00:00,10000.0,10000.0,10010.464824903624,8130.190228424847
2026-03-04 17:00:00+00:00,10000.0,10000.0,10010.464824903624,8121.7688437524475
2026-03-04 18:00:00+00:00,10000.0,10000.0,10010.464824903624,8174.4113719113975
2026-03-04 19:00:00+00:00,10000.0,10000.0,10010.464824903624,8165.271196766434
2026-03-04 20:00:00+00:00,10000.0,10000.0,10010.464824903624,8099.668255210178
2026-03-04 21:00:00+00:00,10000.0,10000.0,10010.464824903624,8131.840784324812
2026-03-04 22:00:00+00:00,10000.0,10000.0,10010.464824903624,8064.857942540362
2026-03-04 23:00:00+00:00,10000.0,10000.0,10010.464824903624,8060.521905569287
2026-03-05 00:00:00+00:00,10000.0,10000.0,10010.464824903624,8070.863392568862
2026-03-05 01:00:00+00:00,10000.0,10000.0,10010.464824903624,8046.318029024227
2026-03-05 02:00:00+00:00,10000.0,10000.0,10010.464824903624,8042.709656482169
2026-03-05 03:00:00+00:00,10000.0,10000.0,10010.464824903624,8041.788983500333
2026-03-05 04:00:00+00:00,10000.0,10000.0,10010.464824903624,8077.041884748165
2026-03-05 05:00:00+00:00,10000.0,10000.0,10010.464824903624,8032.27832067352
2026-03-05 06:00:00+00:00,10000.0,10000.0,10010.464824903624,8047.970803413305
2026-03-05 07:00:00+00:00,10000.0,10000.0,10010.464824903624,7992.717113568523
2026-03-05 08:00:00+00:00,10000.0,10000.0,10010.464824903624,8023.576297128343
2026-03-05 09:00:00+00:00,10000.0,10000.0,10010.464824903624,8052.18260499406
2026-03-05 10:00:00+00:00,10000.0,10000.0,10010.464824903624,8140.626001211719
2026-03-05 11:00:00+00:00,10000.0,10000.0,10010.464824903624,8088.1443135134505
2026-03-05 12:00:00+00:00,10000.0,10000.0,10010.464824903624,8085.3645466550415
2026-03-05 13:00:00+00:00,10000.0,10000.0,10010.464824903624,8038.450157385484
2026-03-05 14:00:00+00:00,10000.0,10000.0,10010.464824903624,8054.145967858938
2026-03-05 15:00:00+00:00,10000.0,10000.0,10010.464824903624,7948.044507547506
2026-03-05 16:00:00+00:00,10000.0,10000.0,10010.464824903624,7909.570360107808
2026-03-05 17:00:00+00:00,10000.0,10000.0,10010.464824903624,7842.848190794119
2026-03-05 18:00:00+00:00,10000.0,10000.0,10010.464824903624,7874.5992069773065
2026-03-05 19:00:00+00:00,10000.0,10000.0,10010.464824903624,7866.548309986754
2026-03-05 20:00:00+00:00,10000.0,10000.0,10010.464824903624,7901.871093641639
2026-03-05 21:00:00+00:00,10000.0,10000.0,10010.464824903624,7891.379858626945
2026-03-05 22:00:00+00:00,10000.0,10000.0,10010.464824903624,7898.76853661731
2026-03-05 23:00:00+00:00,10000.0,10000.0,10010.464824903624,7863.514526124922
2026-03-06 00:00:00+00:00,10000.0,10000.0,10010.464824903624,7874.326332816424
2026-03-06 01:00:00+00:00,10000.0,10000.0,10010.464824903624,7904.166120628887
2026-03-06 02:00:00+00:00,10000.0,10000.0,10010.464824903624,7903.637010975471
2026-03-06 03:00:00+00:00,10000.0,10000.0,10010.464824903624,7884.552458382132
2026-03-06 04:00:00+00:00,10000.0,10000.0,10010.464824903624,7832.77625022175
2026-03-06 05:00:00+00:00,10000.0,10000.0,10010.464824903624,7813.096033301607
2026-03-06 06:00:00+00:00,10000.0,10000.0,10010.464824903624,7830.959307638321
2026-03-06 07:00:00+00:00,10000.0,10000.0,10010.464824903624,7881.896926914043
2026-03-06 08:00:00+00:00,10000.0,10000.0,10010.464824903624,7852.285643480203
2026-03-06 09:00:00+00:00,10000.0,10000.0,10010.464824903624,7827.446330128115
2026-03-06 10:00:00+00:00,10000.0,10000.0,10010.464824903624,7823.272242862277
2026-03-06 11:00:00+00:00,10000.0,10000.0,10010.464824903624,7788.333257823914
2026-03-06 12:00:00+00:00,10000.0,10000.0,10010.464824903624,7754.395920620005
2026-03-06 13:00:00+00:00,10000.0,10000.0,10010.464824903624,7676.859726125701
2026-03-06 14:00:00+00:00,10000.0,10000.0,10010.464824903624,7588.329808832641
2026-03-06 15:00:00+00:00,10000.0,10000.0,10010.464824903624,7598.84766571669
2026-03-06 16:00:00+00:00,10000.0,10000.0,10010.464824903624,7592.392971642837
2026-03-06 17:00:00+00:00,10000.0,10000.0,10010.464824903624,7537.882475650862
2026-03-06 18:00:00+00:00,10000.0,10000.0,10010.464824903624,7562.962495071693
2026-03-06 19:00:00+00:00,10000.0,10000.0,10010.464824903624,7557.481717718383
2026-03-06 20:00:00+00:00,10000.0,10000.0,10010.464824903624,7555.178926019239
2026-03-06 21:00:00+00:00,10000.0,10000.0,10010.464824903624,7574.93124383555
2026-03-06 22:00:00+00:00,10000.0,10000.0,10010.464824903624,7578.346607824789
2026-03-06 23:00:00+00:00,10000.0,10000.0,10010.464824903624,7555.510590141611
2026-03-07 00:00:00+00:00,10000.0,10000.0,10010.464824903624,7575.080991850667
2026-03-07 01:00:00+00:00,10000.0,10000.0,10010.464824903624,7571.926300332186
2026-03-07 02:00:00+00:00,10000.0,10000.0,10010.464824903624,7581.69098016242
2026-03-07 03:00:00+00:00,10000.0,10000.0,10010.464824903624,7553.456269223107
2026-03-07 04:00:00+00:00,10000.0,10000.0,10010.464824903624,7549.898921930642
2026-03-07 05:00:00+00:00,10000.0,10000.0,10010.464824903624,7544.888464269258
2026-03-07 06:00:00+00:00,10000.0,10000.0,10010.464824903624,7508.571797491812
2026-03-07 07:00:00+00:00,10000.0,10000.0,10010.464824903624,7525.411239102943
2026-03-07 08:00:00+00:00,10000.0,10000.0,10010.464824903624,7520.167840084709
2026-03-07 09:00:00+00:00,10000.0,10000.0,10010.464824903624,7542.862983709222
2026-03-07 10:00:00+00:00,10000.0,10000.0,10010.464824903624,7529.586435613337
2026-03-07 11:00:00+00:00,10000.0,10000.0,10010.464824903624,7543.973337510205
2026-03-07 12:00:00+00:00,10000.0,10000.0,10010.464824903624,7542.0354872701255
2026-03-07 13:00:00+00:00,10000.0,10000.0,10010.464824903624,7535.215851737208
2026-03-07 14:00:00+00:00,10000.0,10000.0,10010.464824903624,7544.715422118456
2026-03-07 15:00:00+00:00,10000.0,10000.0,10010.464824903624,7529.2691916702
2026-03-07 16:00:00+00:00,10000.0,10000.0,10010.464824903624,7518.862259241794
2026-03-07 17:00:00+00:00,10000.0,10000.0,10010.464824903624,7519.392478139765
2026-03-07 18:00:00+00:00,10000.0,10000.0,10010.464824903624,7494.9580390507745
2026-03-07 19:00:00+00:00,10000.0,10000.0,10010.464824903624,7440.850198832782
2026-03-07 20:00:00+00:00,10000.0,10000.0,10010.464824903624,7476.638865201368
2026-03-07 21:00:00+00:00,10000.0,10000.0,10010.464824903624,7482.185087983507
2026-03-07 22:00:00+00:00,10000.0,10000.0,10010.464824903624,7460.629138518445
2026-03-07 23:00:00+00:00,10000.0,10000.0,10010.464824903624,7461.101676699485
2026-03-08 00:00:00+00:00,10000.0,10000.0,10010.464824903624,7453.543284291985
2026-03-08 01:00:00+00:00,10000.0,10000.0,10010.464824903624,7464.913040995371
2026-03-08 02:00:00+00:00,10000.0,10000.0,10010.464824903624,7423.668000653716
2026-03-08 03:00:00+00:00,10000.0,10000.0,10010.464824903624,7431.967368424907
2026-03-08 04:00:00+00:00,10000.0,10000.0,10010.464824903624,7391.7128834721425
2026-03-08 05:00:00+00:00,10000.0,10000.0,10010.464824903624,7448.569431700961
2026-03-08 06:00:00+00:00,10000.0,10000.0,10010.464824903624,7449.855046141861
2026-03-08 07:00:00+00:00,10000.0,10000.0,10010.464824903624,7467.424370671122
2026-03-08 08:00:00+00:00,10000.0,10000.0,10010.464824903624,7491.763414728261
2026-03-08 09:00:00+00:00,10000.0,10000.0,10010.464824903624,7507.478082359173
2026-03-08 10:00:00+00:00,10000.0,10000.0,10010.464824903624,7532.229765391302
2026-03-08 11:00:00+00:00,10000.0,10000.0,10010.464824903624,7489.06462272247
2026-03-08 12:00:00+00:00,10000.0,10000.0,10010.464824903624,7467.957917302762
2026-03-08 13:00:00+00:00,10000.0,10000.0,10010.464824903624,7457.990245718702
2026-03-08 14:00:00+00:00,10000.0,10000.0,10010.464824903624,7469.626221115629
2026-03-08 15:00:00+00:00,10000.0,10000.0,10010.464824903624,7456.145572021362
2026-03-08 16:00:00+00:00,10000.0,10000.0,10010.464824903624,7417.756836412508
2026-03-08 17:00:00+00:00,10000.0,10000.0,10010.464824903624,7439.148617683219
2026-03-08 18:00:00+00:00,10000.0,10000.0,10010.464824903624,7410.1973347604535
2026-03-08 19:00:00+00:00,10000.0,10000.0,10010.464824903624,7469.3666578894245
2026-03-08 20:00:00+00:00,10000.0,10000.0,10010.464824903624,7458.4272880739345
2026-03-08 21:00:00+00:00,10000.0,10000.0,10010.464824903624,7434.158126423848
2026-03-08 22:00:00+00:00,10000.0,10000.0,10010.464824903624,7347.280983519867
2026-03-08 23:00:00+00:00,10000.0,10000.0,10010.464824903624,7317.819448101144
2026-03-09 00:00:00+00:00,10000.0,10000.0,10010.464824903624,7362.05723025604
2026-03-09 01:00:00+00:00,10000.0,10000.0,10010.464824903624,7342.756374974197
2026-03-09 02:00:00+00:00,10000.0,10000.0,10010.464824903624,7380.616000929635
2026-03-09 03:00:00+00:00,10000.0,10000.0,10010.464824903624,7454.683587695989
2026-03-09 04:00:00+00:00,10000.0,10000.0,10010.464824903624,7446.374236723788
2026-03-09 05:00:00+00:00,10000.0,10000.0,10010.464824903624,7533.008455069914
2026-03-09 06:00:00+00:00,10000.0,10000.0,10010.464824903624,7461.575324125075
2026-03-09 07:00:00+00:00,10000.0,10000.0,10010.464824903624,7493.516021127414
2026-03-09 08:00:00+00:00,10000.0,10000.0,10010.464824903624,7522.307572834054
2026-03-09 09:00:00+00:00,10000.0,10000.0,10010.464824903624,7540.757637541116
2026-03-09 10:00:00+00:00,10000.0,10000.0,10010.464824903624,7499.39501727648
2026-03-09 11:00:00+00:00,10000.0,10000.0,10010.464824903624,7516.793518144051
2026-03-09 12:00:00+00:00,10000.0,10000.0,10010.464824903624,7559.715736255024
2026-03-09 13:00:00+00:00,10000.0,10000.0,10010.464824903624,7651.125252416571
2026-03-09 14:00:00+00:00,10000.0,10000.0,10010.464824903624,7670.592494381879
2026-03-09 15:00:00+00:00,10000.0,10000.0,10010.464824903624,7638.663999069661
2026-03-09 16:00:00+00:00,10000.0,10000.0,10010.464824903624,7649.363772060963
2026-03-09 17:00:00+00:00,10000.0,10000.0,10010.464824903624,7609.496413458392
2026-03-09 18:00:00+00:00,10000.0,10000.0,10010.464824903624,7582.3931319666335
2026-03-09 19:00:00+00:00,10000.0,10000.0,10010.464824903624,7652.892278994959
2026-03-09 20:00:00+00:00,10000.0,10000.0,10010.464824903624,7649.540141945436
2026-03-09 21:00:00+00:00,10000.0,10000.0,10010.464824903624,7644.882424052995
2026-03-09 22:00:00+00:00,10000.0,10000.0,10010.464824903624,7613.397626563347
2026-03-09 23:00:00+00:00,10000.0,10000.0,10010.464824903624,7590.8000964597995
2026-03-10 00:00:00+00:00,10000.0,10000.0,10010.464824903624,7671.2436209365
2026-03-10 01:00:00+00:00,10000.0,10000.0,10010.464824903624,7682.628907063676
2026-03-10 02:00:00+00:00,10000.0,10000.0,10010.464824903624,7794.884456174169
2026-03-10 03:00:00+00:00,10000.0,10000.0,10010.464824903624,7701.468316610046
2026-03-10 04:00:00+00:00,10000.0,10000.0,10010.464824903624,7772.802724789361
2026-03-10 05:00:00+00:00,10000.0,10000.0,10010.464824903624,7761.5328000960535
2026-03-10 06:00:00+00:00,10000.0,10000.0,10010.464824903624,7754.829635241561
2026-03-10 07:00:00+00:00,10000.0,10000.0,10010.464824903624,7809.748333230301
2026-03-10 08:00:00+00:00,10000.0,10000.0,10010.464824903624,7843.3983760940955
2026-03-10 09:00:00+00:00,10000.0,10000.0,10010.464824903624,7884.3905086768855
2026-03-10 10:00:00+00:00,10000.0,10000.0,10010.464824903624,7850.5718606405135
2026-03-10 11:00:00+00:00,10000.0,10000.0,10010.464824903624,7829.152348255893
2026-03-10 12:00:00+00:00,10000.0,10000.0,10010.464824903624,7822.377082505232
2026-03-10 13:00:00+00:00,10000.0,10000.0,10010.464824903624,7755.962173933673
2026-03-10 14:00:00+00:00,10000.0,10000.0,10010.464824903624,7927.527920231805
2026-03-10 15:00:00+00:00,10000.0,10000.0,10010.464824903624,7914.033960202861
2026-03-10 16:00:00+00:00,10000.0,10000.0,10010.464824903624,7905.42955017865
2026-03-10 17:00:00+00:00,10000.0,10000.0,10010.464824903624,7861.06198641065
2026-03-10 18:00:00+00:00,10000.0,10000.0,10010.464824903624,7766.250417194539
2026-03-10 19:00:00+00:00,10000.0,10000.0,10010.464824903624,7769.55152899447
2026-03-10 20:00:00+00:00,10000.0,10000.0,10010.464824903624,7790.845696744215
2026-03-10 21:00:00+00:00,10000.0,10000.0,10010.464824903624,7738.4239082519925
2026-03-10 22:00:00+00:00,10000.0,10000.0,10010.464824903624,7733.828308054712
2026-03-10 23:00:00+00:00,10000.0,10000.0,10010.464824903624,7759.013705708407
2026-03-11 00:00:00+00:00,10000.0,10000.0,10010.464824903624,7769.689075319466
2026-03-11 01:00:00+00:00,10000.0,10000.0,10010.464824903624,7772.616371703879
2026-03-11 02:00:00+00:00,10000.0,10000.0,10010.464824903624,7743.716114030709
2026-03-11 03:00:00+00:00,10000.0,10000.0,10010.464824903624,7715.007755665801
2026-03-11 04:00:00+00:00,10000.0,10000.0,10010.464824903624,7779.241889439422
2026-03-11 05:00:00+00:00,10000.0,10000.0,10010.464824903624,7710.398844533842
2026-03-11 06:00:00+00:00,10000.0,10000.0,10010.464824903624,7759.166781457189
2026-03-11 07:00:00+00:00,10000.0,10000.0,10010.464824903624,7725.69865470065
2026-03-11 08:00:00+00:00,10000.0,10000.0,10010.464824903624,7727.246050856868
2026-03-11 09:00:00+00:00,10000.0,10000.0,10010.464824903624,7705.561429023261
2026-03-11 10:00:00+00:00,10000.0,10000.0,10010.464824903624,7720.885642570311
2026-03-11 11:00:00+00:00,10000.0,10000.0,10007.856314563225,7672.977370178194
2026-03-11 12:00:00+00:00,10000.0,10000.0,10008.734635423423,7693.845588018271
2026-03-11 13:00:00+00:00,10000.0,10000.0,10012.576009471475,7785.353826945338
2026-03-11 14:00:00+00:00,10000.0,10000.0,10011.917218519062,7828.903877475251
2026-03-11 15:00:00+00:00,10000.0,10000.0,10011.917218519062,7789.99268768032
2026-03-11 16:00:00+00:00,10000.0,10000.0,10011.917218519062,7828.017591074667
2026-03-11 17:00:00+00:00,10000.0,10000.0,10011.917218519062,7851.8974078854435
2026-03-11 18:00:00+00:00,10000.0,10000.0,10011.917218519062,7833.223275777981
2026-03-11 19:00:00+00:00,10000.0,10000.0,10011.917218519062,7835.9054291154225
2026-03-11 20:00:00+00:00,10000.0,10000.0,10011.917218519062,7835.144487349713
2026-03-11 21:00:00+00:00,10000.0,10000.0,10011.917218519062,7846.93575698454
2026-03-11 22:00:00+00:00,10000.0,10000.0,10011.917218519062,7806.087826194086
2026-03-11 23:00:00+00:00,10000.0,10000.0,10011.917218519062,7785.993861054397
2026-03-12 00:00:00+00:00,10000.0,10000.0,10011.917218519062,7789.707611829316
2026-03-12 01:00:00+00:00,10000.0,10000.0,10011.917218519062,7747.1092931288185
2026-03-12 02:00:00+00:00,10000.0,10000.0,10011.917218519062,7685.573951360985
2026-03-12 03:00:00+00:00,10000.0,10000.0,10011.917218519062,7703.327410486613
2026-03-12 04:00:00+00:00,10000.0,10000.0,10011.917218519062,7695.051336851106
2026-03-12 05:00:00+00:00,10000.0,10000.0,10011.917218519062,7707.091077266571
2026-03-12 06:00:00+00:00,10000.0,10000.0,10011.917218519062,7709.409398389507
2026-03-12 07:00:00+00:00,10000.0,10000.0,10011.917218519062,7745.432115359499
2026-03-12 08:00:00+00:00,10000.0,10000.0,10011.917218519062,7755.546207225008
2026-03-12 09:00:00+00:00,10000.0,10000.0,10011.917218519062,7759.4440925962945
2026-03-12 10:00:00+00:00,10000.0,10000.0,10011.917218519062,7810.424972409719
2026-03-12 11:00:00+00:00,10000.0,10000.0,10011.917218519062,7812.177578808875
2026-03-12 12:00:00+00:00,10000.0,10000.0,10011.917218519062,7807.062852159187
2026-03-12 13:00:00+00:00,10000.0,10000.0,10011.917218519062,7761.62264890512
2026-03-12 14:00:00+00:00,10000.0,10000.0,10011.917218519062,7719.242851382239
2026-03-12 15:00:00+00:00,10000.0,10000.0,10011.917218519062,7801.858276700427
2026-03-12 16:00:00+00:00,10000.0,10000.0,10011.917218519062,7806.991860507576
2026-03-12 17:00:00+00:00,10000.0,10000.0,10011.917218519062,7788.234535058382
2026-03-12 18:00:00+00:00,10000.0,10000.0,10011.917218519062,7744.705560175042
2026-03-12 19:00:00+00:00,10000.0,10000.0,10011.917218519062,7812.6667556582615
2026-03-12 20:00:00+00:00,10000.0,10000.0,10011.917218519062,7782.957858703456
2026-03-12 21:00:00+00:00,10000.0,10000.0,10011.917218519062,7794.5006575576435
2026-03-12 22:00:00+00:00,10000.0,10000.0,10011.917218519062,7784.194666383873
2026-03-12 23:00:00+00:00,10000.0,10000.0,10011.917218519062,7824.759739812437
2026-03-13 00:00:00+00:00,10000.0,10000.0,10011.917218519062,7928.393130985817
2026-03-13 01:00:00+00:00,10000.0,10000.0,10011.917218519062,7950.220845367203
2026-03-13 02:00:00+00:00,10000.0,10000.0,10011.917218519062,7891.587287358985
2026-03-13 03:00:00+00:00,10000.0,10000.0,10011.917218519062,7920.643948514612
2026-03-13 04:00:00+00:00,10000.0,10000.0,10011.917218519062,7919.33393069347
2026-03-13 05:00:00+00:00,10000.0,10000.0,10011.917218519062,7936.233271510647
2026-03-13 06:00:00+00:00,10000.0,10000.0,10011.917218519062,7913.572514467383
2026-03-13 07:00:00+00:00,10000.0,10000.0,10011.917218519062,7943.546520871176
2026-03-13 08:00:00+00:00,10000.0,10000.0,10011.917218519062,7966.707547209388
2026-03-13 09:00:00+00:00,10000.0,10000.0,10011.917218519062,7987.2895799539065
2026-03-13 10:00:00+00:00,10000.0,10000.0,10011.917218519062,8037.377517899404
2026-03-13 11:00:00+00:00,10000.0,10000.0,10011.917218519062,8011.942540220516
2026-03-13 12:00:00+00:00,10000.0,10000.0,10011.917218519062,8073.606554356894
2026-03-13 13:00:00+00:00,10000.0,10000.0,10011.917218519062,8139.545597013745
2026-03-13 14:00:00+00:00,10000.0,10000.0,10011.917218519062,8029.01381394394
2026-03-13 15:00:00+00:00,10000.0,10000.0,10011.917218519062,7967.8655985263
2026-03-13 16:00:00+00:00,10000.0,10000.0,10011.917218519062,7973.867720821132
2026-03-13 17:00:00+00:00,10000.0,10000.0,10011.917218519062,7879.843715240084
2026-03-13 18:00:00+00:00,10000.0,10000.0,10011.917218519062,7881.787111702946
2026-03-13 19:00:00+00:00,10000.0,10000.0,10011.917218519062,7896.706450986899
2026-03-13 20:00:00+00:00,10000.0,10000.0,10011.917218519062,7914.109388832694
2026-03-13 21:00:00+00:00,10000.0,10000.0,10011.917218519062,7887.244594920569
2026-03-13 22:00:00+00:00,10000.0,10000.0,10011.917218519062,7855.004401887996
2026-03-13 23:00:00+00:00,10000.0,10000.0,10011.917218519062,7867.8716387425575
2026-03-14 00:00:00+00:00,10000.0,10000.0,10011.917218519062,7834.812823227339
2026-03-14 01:00:00+00:00,10000.0,10000.0,10011.917218519062,7856.9677647528715
2026-03-14 02:00:00+00:00,10000.0,10000.0,10011.917218519062,7851.595693366093
2026-03-14 03:00:00+00:00,10000.0,10000.0,10011.917218519062,7884.654508881312
2026-03-14 04:00:00+00:00,10000.0,10000.0,10011.917218519062,7880.026740591895
2026-03-14 05:00:00+00:00,10000.0,10000.0,10011.917218519062,7877.161561902642
2026-03-14 06:00:00+00:00,10000.0,10000.0,10011.917218519062,7833.7157803610335
2026-03-14 07:00:00+00:00,10000.0,10000.0,10011.917218519062,7830.8982991877065
2026-03-14 08:00:00+00:00,10000.0,10000.0,10011.917218519062,7829.672583952854
2026-03-14 09:00:00+00:00,10000.0,10000.0,10011.917218519062,7820.302795184709
2026-03-14 10:00:00+00:00,10000.0,10000.0,10011.917218519062,7827.987641471642
2026-03-14 11:00:00+00:00,10000.0,10000.0,10011.917218519062,7848.062749453872
2026-03-14 12:00:00+00:00,10000.0,10000.0,10011.917218519062,7851.298415824972
2026-03-14 13:00:00+00:00,10000.0,10000.0,10011.917218519062,7858.703732483685
2026-03-14 14:00:00+00:00,10000.0,10000.0,10011.917218519062,7831.180047305042
2026-03-14 15:00:00+00:00,10000.0,10000.0,10011.917218519062,7829.0580624685945
2026-03-14 16:00:00+00:00,10000.0,10000.0,10011.917218519062,7839.311919148213
2026-03-14 17:00:00+00:00,10000.0,10000.0,10011.917218519062,7833.153393370925
2026-03-14 18:00:00+00:00,10000.0,10000.0,10011.917218519062,7838.834943988948
2026-03-14 19:00:00+00:00,10000.0,10000.0,10011.917218519062,7842.35901394472
2026-03-14 20:00:00+00:00,10000.0,10000.0,10011.917218519062,7854.08483815072
2026-03-14 21:00:00+00:00,10000.0,10000.0,10011.917218519062,7853.450350264443
2026-03-14 22:00:00+00:00,10000.0,10000.0,10011.917218519062,7843.569199755783
2026-03-14 23:00:00+00:00,10000.0,10000.0,10011.917218519062,7899.146789011042
2026-03-15 00:00:00+00:00,10000.0,10000.0,10011.917218519062,7874.003542650492
2026-03-15 01:00:00+00:00,10000.0,10000.0,10011.917218519062,7874.064551101096
2026-03-15 02:00:00+00:00,10000.0,10000.0,10011.917218519062,7925.611145638297
2026-03-15 03:00:00+00:00,10000.0,10000.0,10011.917218519062,7915.917457459675
2026-03-15 04:00:00+00:00,10000.0,10000.0,10011.917218519062,7942.892066582887
2026-03-15 05:00:00+00:00,10000.0,10000.0,10011.917218519062,7929.953838076712
2026-03-15 06:00:00+00:00,10000.0,10000.0,10011.917218519062,7926.485230348763
2026-03-15 07:00:00+00:00,10000.0,10000.0,10011.917218519062,7925.950574472565
2026-03-15 08:00:00+00:00,10000.0,10000.0,10011.917218519062,7955.224647561251
2026-03-15 09:00:00+00:00,10000.0,10000.0,10011.917218519062,7963.38868749656
2026-03-15 10:00:00+00:00,10000.0,10000.0,10011.917218519062,7962.50018260686
2026-03-15 11:00:00+00:00,10000.0,10000.0,10011.917218519062,7968.748557193218
2026-03-15 12:00:00+00:00,10000.0,10000.0,10011.917218519062,7943.336873650013
2026-03-15 13:00:00+00:00,10000.0,10000.0,10011.917218519062,7943.027394418769
2026-03-15 14:00:00+00:00,10000.0,10000.0,10011.917218519062,7944.634689781034
2026-03-15 15:00:00+00:00,10000.0,10000.0,10011.917218519062,7929.017635671087
2026-03-15 16:00:00+00:00,10000.0,10000.0,10011.917218519062,7924.149161312926
2026-03-15 17:00:00+00:00,10000.0,10000.0,10011.917218519062,7966.588858041852
2026-03-15 18:00:00+00:00,10000.0,10000.0,10011.917218519062,7918.95567829973
2026-03-15 19:00:00+00:00,10000.0,10000.0,10011.917218519062,7936.638145773744
2026-03-15 20:00:00+00:00,10000.0,10000.0,10011.917218519062,7956.701052065854
2026-03-15 21:00:00+00:00,10000.0,10000.0,10011.917218519062,7998.715908129671
2026-03-15 22:00:00+00:00,10000.0,10000.0,10011.917218519062,8069.692030317261
2026-03-15 23:00:00+00:00,10000.0,10000.0,10011.917218519062,8076.990859498557
2026-03-16 00:00:00+00:00,10000.0,10000.0,10011.917218519062,8045.490532585119
2026-03-16 01:00:00+00:00,10000.0,10000.0,10011.917218519062,8070.075828933785
2026-03-16 02:00:00+00:00,10000.0,10000.0,10011.917218519062,8043.652514355119
2026-03-16 03:00:00+00:00,10000.0,10000.0,10011.917218519062,8161.080470832237
2026-03-16 04:00:00+00:00,10000.0,10000.0,10011.917218519062,8190.175955547336
2026-03-16 05:00:00+00:00,10000.0,10000.0,10011.917218519062,8231.42543286722
2026-03-16 06:00:00+00:00,10000.0,10000.0,10011.917218519062,8176.725256056093
2026-03-16 07:00:00+00:00,10000.0,10000.0,10011.917218519062,8148.142242326061
2026-03-16 08:00:00+00:00,10000.0,10000.0,10011.917218519062,8112.460063434892
2026-03-16 09:00:00+00:00,10000.0,10000.0,10011.917218519062,8126.427670889431
2026-03-16 10:00:00+00:00,10000.0,10000.0,10011.917218519062,8184.385698962784
2026-03-16 11:00:00+00:00,10000.0,10000.0,10011.917218519062,8158.800973268777
2026-03-16 12:00:00+00:00,10000.0,10000.0,10011.917218519062,8193.412731162995
2026-03-16 13:00:00+00:00,10000.0,10000.0,10011.917218519062,8220.561491681567
2026-03-16 14:00:00+00:00,10000.0,10000.0,10011.917218519062,8160.217478567337
2026-03-16 15:00:00+00:00,10000.0,10000.0,10011.917218519062,8127.962865355529
2026-03-16 16:00:00+00:00,10000.0,10000.0,10011.917218519062,8181.857730618689
2026-03-16 17:00:00+00:00,10000.0,10000.0,10011.917218519062,8202.106989996279
2026-03-16 18:00:00+00:00,10000.0,10000.0,10011.917218519062,8198.825844598367
2026-03-16 19:00:00+00:00,10000.0,10000.0,10011.917218519062,8204.30551270712
2026-03-16 20:00:00+00:00,10000.0,10000.0,10011.917218519062,8234.687721107677
2026-03-16 21:00:00+00:00,10000.0,10000.0,10011.917218519062,8252.930357082689
2026-03-16 22:00:00+00:00,10000.0,10000.0,10011.917218519062,8294.116607462855
2026-03-16 23:00:00+00:00,10000.0,10000.0,10011.917218519062,8306.541255739401
2026-03-17 00:00:00+00:00,10000.0,10000.0,10011.917218519062,8354.661393841796
2026-03-17 01:00:00+00:00,10000.0,10000.0,10011.917218519062,8388.541050328771
2026-03-17 02:00:00+00:00,10000.0,10000.0,10011.917218519062,8341.299433915066
2026-03-17 03:00:00+00:00,10000.0,10000.0,10011.917218519062,8259.87644649504
2026-03-17 04:00:00+00:00,10000.0,10000.0,10011.917218519062,8236.36378963244
2026-03-17 05:00:00+00:00,10000.0,10000.0,10011.917218519062,8212.48508206622
2026-03-17 06:00:00+00:00,10000.0,10000.0,10011.917218519062,8217.888212300577
2026-03-17 07:00:00+00:00,10000.0,10000.0,10011.917218519062,8236.065402846762
2026-03-17 08:00:00+00:00,10000.0,10000.0,10011.917218519062,8229.305666519891
2026-03-17 09:00:00+00:00,10000.0,10000.0,10011.917218519062,8201.439224773312
2026-03-17 10:00:00+00:00,10000.0,10000.0,10011.917218519062,8178.399106091748
2026-03-17 11:00:00+00:00,10000.0,10000.0,10011.917218519062,8212.082426292236
2026-03-17 12:00:00+00:00,10000.0,10000.0,10011.917218519062,8179.540518740314
2026-03-17 13:00:00+00:00,10000.0,10000.0,10011.917218519062,8165.75704588214
2026-03-17 14:00:00+00:00,10000.0,10000.0,10011.917218519062,8250.749582284752
2026-03-17 15:00:00+00:00,10000.0,10000.0,10011.917218519062,8198.913474918325
2026-03-17 16:00:00+00:00,10000.0,10000.0,10011.917218519062,8225.679546064928
2026-03-17 17:00:00+00:00,10000.0,10000.0,10011.917218519062,8266.50640120881
2026-03-17 18:00:00+00:00,10000.0,10000.0,10011.917218519062,8284.175557748147
2026-03-17 19:00:00+00:00,10000.0,10000.0,10011.917218519062,8265.221896012466
2026-03-17 20:00:00+00:00,10000.0,10000.0,10011.917218519062,8264.620685462884
2026-03-17 21:00:00+00:00,10000.0,10000.0,10011.917218519062,8284.439557952579
2026-03-17 22:00:00+00:00,10000.0,10000.0,10011.917218519062,8242.472399404689
2026-03-17 23:00:00+00:00,10000.0,10000.0,10011.917218519062,8198.355524906443
2026-03-18 00:00:00+00:00,10000.0,10000.0,10011.917218519062,8193.75437848638
2026-03-18 01:00:00+00:00,10000.0,10000.0,10011.917218519062,8216.429555708875
2026-03-18 02:00:00+00:00,10000.0,10000.0,10011.917218519062,8246.00534331691
2026-03-18 03:00:00+00:00,10000.0,10000.0,10011.917218519062,8257.897554206374
2026-03-18 04:00:00+00:00,10000.0,10000.0,10011.917218519062,8227.875850286655
2026-03-18 05:00:00+00:00,10000.0,10000.0,10011.917218519062,8202.863494783764
2026-03-18 06:00:00+00:00,10000.0,10000.0,10011.917218519062,8203.310520340005
2026-03-18 07:00:00+00:00,10000.0,10000.0,10011.917218519062,8195.520295820214
2026-03-18 08:00:00+00:00,10000.0,10000.0,10011.917218519062,8213.389116379707
2026-03-18 09:00:00+00:00,10000.0,10000.0,10011.917218519062,8228.495917993698
2026-03-18 10:00:00+00:00,10000.0,10000.0,10011.917218519062,8202.458620520669
2026-03-18 11:00:00+00:00,10000.0,10000.0,10011.917218519062,8092.255173839565
2026-03-18 12:00:00+00:00,10000.0,10000.0,10011.917218519062,8026.631156636739
2026-03-18 13:00:00+00:00,10000.0,10000.0,10011.917218519062,8001.368111864097
2026-03-18 14:00:00+00:00,10000.0,10000.0,10011.917218519062,7897.070283201414
2026-03-18 15:00:00+00:00,10000.0,10000.0,10011.917218519062,7927.529029476366
2026-03-18 16:00:00+00:00,10000.0,10000.0,10011.917218519062,7910.475503665844
2026-03-18 17:00:00+00:00,10000.0,10000.0,10011.917218519062,7941.6596958807
2026-03-18 18:00:00+00:00,10000.0,10000.0,10011.917218519062,7886.367182476443
2026-03-18 19:00:00+00:00,10000.0,10000.0,10011.917218519062,7883.665062736985
2026-03-18 20:00:00+00:00,10000.0,10000.0,10011.917218519062,7899.448503530395
2026-03-18 21:00:00+00:00,10000.0,10000.0,10011.917218519062,7904.883801856892
2026-03-18 22:00:00+00:00,10000.0,10000.0,10011.917218519062,7892.68100249163
2026-03-18 23:00:00+00:00,10000.0,10000.0,10011.917218519062,7902.98366593173
2026-03-19 00:00:00+00:00,10000.0,10000.0,10011.917218519062,7875.877056706304
2026-03-19 01:00:00+00:00,10000.0,10000.0,10011.917218519062,7888.418175661276
2026-03-19 02:00:00+00:00,10000.0,10000.0,10011.917218519062,7881.786002458395
2026-03-19 03:00:00+00:00,10000.0,10000.0,10011.917218519062,7899.5283691384575
2026-03-19 04:00:00+00:00,10000.0,10000.0,10011.917218519062,7855.89956224504
2026-03-19 05:00:00+00:00,10000.0,10000.0,10011.917218519062,7856.395394561761
2026-03-19 06:00:00+00:00,10000.0,10000.0,10011.917218519062,7829.405256014761
2026-03-19 07:00:00+00:00,10000.0,10000.0,10011.917218519062,7785.917323180009
2026-03-19 08:00:00+00:00,10000.0,10000.0,10011.917218519062,7763.069103806709
2026-03-19 09:00:00+00:00,10000.0,10000.0,10011.917218519062,7821.616140739525
2026-03-19 10:00:00+00:00,10000.0,10000.0,10011.917218519062,7779.544713203331
2026-03-19 11:00:00+00:00,10000.0,10000.0,10011.917218519062,7759.470714465657
2026-03-19 12:00:00+00:00,10000.0,10000.0,10011.917218519062,7685.985481091428
2026-03-19 13:00:00+00:00,10000.0,10000.0,10011.917218519062,7754.2461726048805
2026-03-19 14:00:00+00:00,10000.0,10000.0,10011.917218519062,7707.280758085728
2026-03-19 15:00:00+00:00,10000.0,10000.0,10011.917218519062,7699.5448865492
2026-03-19 16:00:00+00:00,10000.0,10000.0,10011.917218519062,7704.353461701315
2026-03-19 17:00:00+00:00,10000.0,10000.0,10011.917218519062,7748.534672383835
2026-03-19 18:00:00+00:00,10000.0,10000.0,10011.917218519062,7744.879711570405
2026-03-19 19:00:00+00:00,10000.0,10000.0,10011.917218519062,7794.882237685058
2026-03-19 20:00:00+00:00,10000.0,10000.0,10011.917218519062,7818.291734803909
2026-03-19 21:00:00+00:00,10000.0,10000.0,10011.917218519062,7810.5758296693975
2026-03-19 22:00:00+00:00,10000.0,10000.0,10011.917218519062,7785.1208855884925
2026-03-19 23:00:00+00:00,10000.0,10000.0,10011.917218519062,7756.947183099782
2026-03-20 00:00:00+00:00,10000.0,10000.0,10011.917218519062,7784.78922146612
2026-03-20 01:00:00+00:00,10000.0,10000.0,10011.917218519062,7809.502080938774
2026-03-20 02:00:00+00:00,10000.0,10000.0,10011.917218519062,7810.797678580682
2026-03-20 03:00:00+00:00,10000.0,10000.0,10011.917218519062,7845.677873657554
2026-03-20 04:00:00+00:00,10000.0,10000.0,10011.917218519062,7851.642281637466
2026-03-20 05:00:00+00:00,10000.0,10000.0,10011.917218519062,7831.958736983655
2026-03-20 06:00:00+00:00,10000.0,10000.0,10011.917218519062,7820.495803737529
2026-03-20 07:00:00+00:00,10000.0,10000.0,10011.917218519062,7859.514590254435
2026-03-20 08:00:00+00:00,10000.0,10000.0,10011.917218519062,7880.3206903993505
2026-03-20 09:00:00+00:00,10000.0,10000.0,10011.917218519062,7829.469592199032
2026-03-20 10:00:00+00:00,10000.0,10000.0,10011.917218519062,7832.562166022351
2026-03-20 11:00:00+00:00,10000.0,10000.0,10011.917218519062,7817.812541155532
2026-03-20 12:00:00+00:00,10000.0,10000.0,10011.917218519062,7802.717941231662
2026-03-20 13:00:00+00:00,10000.0,10000.0,10011.917218519062,7749.608421114453
2026-03-20 14:00:00+00:00,10000.0,10000.0,10011.917218519062,7734.896510562552
2026-03-20 15:00:00+00:00,10000.0,10000.0,10011.917218519062,7749.192454405793
2026-03-20 16:00:00+00:00,10000.0,10000.0,10011.917218519062,7745.772653438326
2026-03-20 17:00:00+00:00,10000.0,10000.0,10011.917218519062,7764.711894994774
2026-03-20 18:00:00+00:00,10000.0,10000.0,10011.917218519062,7739.199270196935
2026-03-20 19:00:00+00:00,10000.0,10000.0,10011.917218519062,7784.440918675399
2026-03-20 20:00:00+00:00,10000.0,10000.0,10011.917218519062,7771.107799107138
2026-03-20 21:00:00+00:00,10000.0,10000.0,10011.917218519062,7824.692075894496
2026-03-20 22:00:00+00:00,10000.0,10000.0,10011.917218519062,7849.885238260084
2026-03-20 23:00:00+00:00,10000.0,10000.0,10011.917218519062,7821.364342225213
2026-03-21 00:00:00+00:00,10000.0,10000.0,10011.917218519062,7840.383449389724
2026-03-21 01:00:00+00:00,10000.0,10000.0,10011.917218519062,7816.246287841855
2026-03-21 02:00:00+00:00,10000.0,10000.0,10011.917218519062,7846.529773476893
2026-03-21 03:00:00+00:00,10000.0,10000.0,10011.917218519062,7837.6280859115595
2026-03-21 04:00:00+00:00,10000.0,10000.0,10011.917218519062,7835.939815696676
2026-03-21 05:00:00+00:00,10000.0,10000.0,10011.917218519062,7842.1305095661
2026-03-21 06:00:00+00:00,10000.0,10000.0,10011.917218519062,7850.639524558456
2026-03-21 07:00:00+00:00,10000.0,10000.0,10011.917218519062,7845.390579317441
2026-03-21 08:00:00+00:00,10000.0,10000.0,10011.917218519062,7830.648719162514
2026-03-21 09:00:00+00:00,10000.0,10000.0,10011.917218519062,7838.098405603484
2026-03-21 10:00:00+00:00,10000.0,10000.0,10011.917218519062,7831.892182310272
2026-03-21 11:00:00+00:00,10000.0,10000.0,10011.917218519062,7837.114505681933
2026-03-21 12:00:00+00:00,10000.0,10000.0,10011.917218519062,7844.867015886807
2026-03-21 13:00:00+00:00,10000.0,10000.0,10011.917218519062,7846.81595857245
2026-03-21 14:00:00+00:00,10000.0,10000.0,10011.917218519062,7834.49447003965
2026-03-21 15:00:00+00:00,10000.0,10000.0,10011.917218519062,7834.59652053884
2026-03-21 16:00:00+00:00,10000.0,10000.0,10011.917218519062,7798.173366283976
2026-03-21 17:00:00+00:00,10000.0,10000.0,10011.917218519062,7798.4418034666305
2026-03-21 18:00:00+00:00,10000.0,10000.0,10011.917218519062,7807.882583886388
2026-03-21 19:00:00+00:00,10000.0,10000.0,10011.917218519062,7808.637979429313
2026-03-21 20:00:00+00:00,10000.0,10000.0,10011.917218519062,7815.990052349318
2026-03-21 21:00:00+00:00,10000.0,10000.0,10011.917218519062,7803.04405913125
2026-03-21 22:00:00+00:00,10000.0,10000.0,10011.917218519062,7795.462372588065
2026-03-21 23:00:00+00:00,10000.0,10000.0,10011.917218519062,7644.70494492396
2026-03-22 00:00:00+00:00,10000.0,10000.0,10011.917218519062,7648.763670755931
2026-03-22 01:00:00+00:00,10000.0,10000.0,10011.917218519062,7649.616679819823
2026-03-22 02:00:00+00:00,10000.0,10000.0,10011.917218519062,7684.6377489553615
2026-03-22 03:00:00+00:00,10000.0,10000.0,10011.917218519062,7691.5006450259825
2026-03-22 04:00:00+00:00,10000.0,10000.0,10011.917218519062,7693.498394472108
2026-03-22 05:00:00+00:00,10000.0,10000.0,10011.917218519062,7670.804360092152
2026-03-22 06:00:00+00:00,10000.0,10000.0,10011.917218519062,7671.985705544746
2026-03-22 07:00:00+00:00,10000.0,10000.0,10011.917218519062,7644.844709738071
2026-03-22 08:00:00+00:00,10000.0,10000.0,10011.917218519062,7632.131657876852
2026-03-22 09:00:00+00:00,10000.0,10000.0,10011.917218519062,7634.508768961276
2026-03-22 10:00:00+00:00,10000.0,10000.0,10011.917218519062,7614.760888123192
2026-03-22 11:00:00+00:00,10000.0,10000.0,10011.917218519062,7567.038968816555
2026-03-22 12:00:00+00:00,10000.0,10000.0,10011.917218519062,7615.499644997774
2026-03-22 13:00:00+00:00,10000.0,10000.0,10011.917218519062,7620.512321148273
2026-03-22 14:00:00+00:00,10000.0,10000.0,10011.917218519062,7621.803481811954
2026-03-22 15:00:00+00:00,10000.0,10000.0,10011.917218519062,7636.922485116064
2026-03-22 16:00:00+00:00,10000.0,10000.0,10011.917218519062,7632.2215066859235
2026-03-22 17:00:00+00:00,10000.0,10000.0,10011.917218519062,7617.517360845917
2026-03-22 18:00:00+00:00,10000.0,10000.0,10011.917218519062,7611.478633480724
2026-03-22 19:00:00+00:00,10000.0,10000.0,10011.917218519062,7565.040110125873
2026-03-22 20:00:00+00:00,10000.0,10000.0,10011.917218519062,7562.436713151938
2026-03-22 21:00:00+00:00,10000.0,10000.0,10011.917218519062,7531.767210411266
2026-03-22 22:00:00+00:00,10000.0,10000.0,10011.917218519062,7580.507416220704
2026-03-22 23:00:00+00:00,10000.0,10000.0,10011.917218519062,7527.222635463582
2026-03-23 00:00:00+00:00,10000.0,10000.0,10011.917218519062,7506.2568041025415
2026-03-23 01:00:00+00:00,10000.0,10000.0,10011.917218519062,7532.325160423151
2026-03-23 02:00:00+00:00,10000.0,10000.0,10011.917218519062,7578.438675122969
2026-03-23 03:00:00+00:00,10000.0,10000.0,10011.917218519062,7551.137948100168
2026-03-23 04:00:00+00:00,10000.0,10000.0,10011.917218519062,7602.87311421196
2026-03-23 05:00:00+00:00,10000.0,10000.0,10011.917218519062,7642.686119831265
2026-03-23 06:00:00+00:00,10000.0,10000.0,10011.917218519062,7528.907577944797
2026-03-23 07:00:00+00:00,10000.0,10000.0,10011.917218519062,7579.818575351163
2026-03-23 08:00:00+00:00,10000.0,10000.0,10011.917218519062,7591.033037816648
2026-03-23 09:00:00+00:00,10000.0,10000.0,10011.917218519062,7579.912861138459
2026-03-23 10:00:00+00:00,10000.0,10000.0,10011.917218519062,7603.9845772575
2026-03-23 11:00:00+00:00,10000.0,10000.0,10011.917218519062,7778.26131725154
2026-03-23 12:00:00+00:00,10000.0,10000.0,10011.917218519062,7848.143724306493
2026-03-23 13:00:00+00:00,10000.0,10000.0,10011.917218519062,7929.005433980969
2026-03-23 14:00:00+00:00,10000.0,10000.0,10011.917218519062,7925.159683103834
2026-03-23 15:00:00+00:00,10000.0,10000.0,10011.917218519062,7779.296242422689
2026-03-23 16:00:00+00:00,10000.0,10000.0,10011.917218519062,7827.000413816423
2026-03-23 17:00:00+00:00,10000.0,10000.0,10011.917218519062,7885.082677280097
2026-03-23 18:00:00+00:00,10000.0,10000.0,10011.917218519062,7884.0910126466515
2026-03-23 19:00:00+00:00,10000.0,10000.0,10011.917218519062,7840.035146599008
2026-03-23 20:00:00+00:00,10000.0,10000.0,10011.917218519062,7866.273217336751
2026-03-23 21:00:00+00:00,10000.0,10000.0,10011.917218519062,7859.1474303062605
2026-03-23 22:00:00+00:00,10000.0,10000.0,10011.917218519062,7851.257373776389
2026-03-23 23:00:00+00:00,10000.0,10000.0,10011.917218519062,7865.2593678121775
2026-03-24 00:00:00+00:00,10000.0,10000.0,10011.917218519062,7840.051785267356
2026-03-24 01:00:00+00:00,10000.0,10000.0,10011.917218519062,7822.012141046172
2026-03-24 02:00:00+00:00,10000.0,10000.0,10011.917218519062,7815.001715449546
2026-03-24 03:00:00+00:00,10000.0,10000.0,10011.917218519062,7824.932781963245
2026-03-24 04:00:00+00:00,10000.0,10000.0,10011.917218519062,7806.024599254378
2026-03-24 05:00:00+00:00,10000.0,10000.0,10011.917218519062,7796.197801728984
2026-03-24 06:00:00+00:00,10000.0,10000.0,10011.917218519062,7824.764176790668
2026-03-24 07:00:00+00:00,10000.0,10000.0,10011.917218519062,7907.99301434856
2026-03-24 08:00:00+00:00,10000.0,10000.0,10011.917218519062,7871.659708902767
2026-03-24 09:00:00+00:00,10000.0,10000.0,10011.917218519062,7910.796075342654
2026-03-24 10:00:00+00:00,10000.0,10000.0,10011.917218519062,7905.904306848806
2026-03-24 11:00:00+00:00,10000.0,10000.0,10011.917218519062,7893.136902004324
2026-03-24 12:00:00+00:00,10000.0,10000.0,10011.917218519062,7870.808918327987
2026-03-24 13:00:00+00:00,10000.0,10000.0,10011.917218519062,7775.855365808655
2026-03-24 14:00:00+00:00,10000.0,10000.0,10011.917218519062,7750.283951049322
2026-03-24 15:00:00+00:00,10000.0,10000.0,10011.917218519062,7750.628926106372
2026-03-24 16:00:00+00:00,10000.0,10000.0,10011.917218519062,7706.68398451437
2026-03-24 17:00:00+00:00,10000.0,10000.0,10011.917218519062,7680.235157310906
2026-03-24 18:00:00+00:00,10000.0,10000.0,10011.917218519062,7701.511577147749
2026-03-24 19:00:00+00:00,10000.0,10000.0,10011.917218519062,7695.642564199689
2026-03-24 20:00:00+00:00,10000.0,10000.0,10011.917218519062,7775.048945016132
2026-03-24 21:00:00+00:00,10000.0,10000.0,10011.917218519062,7801.641974011932
2026-03-24 22:00:00+00:00,10000.0,10000.0,10011.917218519062,7799.870510455318
2026-03-24 23:00:00+00:00,10000.0,10000.0,10011.917218519062,7826.467976429344
2026-03-25 00:00:00+00:00,10000.0,10000.0,10011.917218519062,7857.971631076451
2026-03-25 01:00:00+00:00,10000.0,10000.0,10011.917218519062,7839.8277178669605
2026-03-25 02:00:00+00:00,10000.0,10000.0,10011.917218519062,7823.622764142107
2026-03-25 03:00:00+00:00,10000.0,10000.0,10011.917218519062,7844.211452353963
2026-03-25 04:00:00+00:00,10000.0,10000.0,10011.917218519062,7872.157759708605
2026-03-25 05:00:00+00:00,10000.0,10000.0,10011.917218519062,7888.6877220884935
2026-03-25 06:00:00+00:00,10000.0,10000.0,10011.917218519062,7874.730097834962
2026-03-25 07:00:00+00:00,10000.0,10000.0,10011.917218519062,7867.525554440964
2026-03-25 08:00:00+00:00,10000.0,10000.0,10011.917218519062,7903.188876174674
2026-03-25 09:00:00+00:00,10000.0,10000.0,10011.917218519062,7914.006229088959
2026-03-25 10:00:00+00:00,10000.0,10000.0,10011.917218519062,7931.252763452298
2026-03-25 11:00:00+00:00,10000.0,10000.0,10011.917218519062,7950.950728285342
2026-03-25 12:00:00+00:00,10000.0,10000.0,10011.917218519062,7954.973958291505
2026-03-25 13:00:00+00:00,10000.0,10000.0,10011.917218519062,7940.130047637388
2026-03-25 14:00:00+00:00,10000.0,10000.0,10011.917218519062,7901.623732105554
2026-03-25 15:00:00+00:00,10000.0,10000.0,10011.917218519062,7857.110857300662
2026-03-25 16:00:00+00:00,10000.0,10000.0,10011.917218519062,7911.57698351038
2026-03-25 17:00:00+00:00,10000.0,10000.0,10011.917218519062,7851.1220459405085
2026-03-25 18:00:00+00:00,10000.0,10000.0,10011.917218519062,7854.598418380354
2026-03-25 19:00:00+00:00,10000.0,10000.0,10011.917218519062,7862.692575908609
2026-03-25 20:00:00+00:00,10000.0,10000.0,10011.917218519062,7876.6901329661705
2026-03-25 21:00:00+00:00,10000.0,10000.0,10011.917218519062,7879.545328454417
2026-03-25 22:00:00+00:00,10000.0,10000.0,10011.917218519062,7916.576348726203
2026-03-25 23:00:00+00:00,10000.0,10000.0,10011.917218519062,7912.965757695029
2026-03-26 00:00:00+00:00,10000.0,10000.0,10011.917218519062,7908.83271247778
2026-03-26 01:00:00+00:00,10000.0,10000.0,10011.917218519062,7903.601515149667
2026-03-26 02:00:00+00:00,10000.0,10000.0,10011.917218519062,7863.7685431283435
2026-03-26 03:00:00+00:00,10000.0,10000.0,10011.917218519062,7866.9254531359375
2026-03-26 04:00:00+00:00,10000.0,10000.0,10011.917218519062,7850.346683995567
2026-03-26 05:00:00+00:00,10000.0,10000.0,10011.917218519062,7766.595392251598
2026-03-26 06:00:00+00:00,10000.0,10000.0,10011.917218519062,7775.491533594149
2026-03-26 07:00:00+00:00,10000.0,10000.0,10011.917218519062,7774.41112939619
2026-03-26 08:00:00+00:00,10000.0,10000.0,10011.917218519062,7767.459493761056
2026-03-26 09:00:00+00:00,10000.0,10000.0,10011.917218519062,7716.17246245006
2026-03-26 10:00:00+00:00,10000.0,10000.0,10011.917218519062,7711.210811549157
2026-03-26 11:00:00+00:00,10000.0,10000.0,10011.917218519062,7684.403698353966
2026-03-26 12:00:00+00:00,10000.0,10000.0,10011.917218519062,7702.197090283626
2026-03-26 13:00:00+00:00,10000.0,10000.0,10011.917218519062,7725.510083126068
2026-03-26 14:00:00+00:00,10000.0,10000.0,10011.917218519062,7707.022304104086
2026-03-26 15:00:00+00:00,10000.0,10000.0,10011.917218519062,7662.954236366323
2026-03-26 16:00:00+00:00,10000.0,10000.0,10011.917218519062,7646.302257085229
2026-03-26 17:00:00+00:00,10000.0,10000.0,10011.917218519062,7596.867664183466
2026-03-26 18:00:00+00:00,10000.0,10000.0,10011.917218519062,7598.020169277595
2026-03-26 19:00:00+00:00,10000.0,10000.0,10011.917218519062,7602.136575826499
2026-03-26 20:00:00+00:00,10000.0,10000.0,10011.917218519062,7654.365355765903
2026-03-26 21:00:00+00:00,10000.0,10000.0,10011.917218519062,7645.035499801789
2026-03-26 22:00:00+00:00,10000.0,10000.0,10011.917218519062,7641.881917527864
2026-03-26 23:00:00+00:00,10000.0,10000.0,10011.917218519062,7633.855423917553
2026-03-27 00:00:00+00:00,10000.0,10000.0,10011.917218519062,7629.9397906333625
2026-03-27 01:00:00+00:00,10000.0,10000.0,10011.917218519062,7659.474536192811
2026-03-27 02:00:00+00:00,10000.0,10000.0,10011.917218519062,7643.093212583484
2026-03-27 03:00:00+00:00,10000.0,10000.0,10011.917218519062,7627.998612659614
2026-03-27 04:00:00+00:00,10000.0,10000.0,10011.917218519062,7606.977319070752
2026-03-27 05:00:00+00:00,10000.0,10000.0,10011.917218519062,7612.830802595023
2026-03-27 06:00:00+00:00,10000.0,10000.0,10011.917218519062,7615.646065279237
2026-03-27 07:00:00+00:00,10000.0,10000.0,10011.917218519062,7602.815433495036
2026-03-27 08:00:00+00:00,10000.0,10000.0,10011.917218519062,7534.0444894856255
2026-03-27 09:00:00+00:00,10000.0,10000.0,10011.917218519062,7509.120873547248
2026-03-27 10:00:00+00:00,10000.0,10000.0,10011.917218519062,7376.743628183153
2026-03-27 11:00:00+00:00,10000.0,10000.0,10011.917218519062,7398.969561360297
2026-03-27 12:00:00+00:00,10000.0,10000.0,10011.917218519062,7389.760613052833
2026-03-27 13:00:00+00:00,10000.0,10000.0,10011.917218519062,7341.9033659103125
2026-03-27 14:00:00+00:00,10000.0,10000.0,10011.917218519062,7343.760241297771
2026-03-27 15:00:00+00:00,10000.0,10000.0,10011.917218519062,7333.528569509281
2026-03-27 16:00:00+00:00,10000.0,10000.0,10011.917218519062,7318.7168269472995
2026-03-27 17:00:00+00:00,10000.0,10000.0,10011.917218519062,7280.295923246309
2026-03-27 18:00:00+00:00,10000.0,10000.0,10011.917218519062,7302.898999572639
2026-03-27 19:00:00+00:00,10000.0,10000.0,10011.917218519062,7325.524260790096
2026-03-27 20:00:00+00:00,10000.0,10000.0,10011.917218519062,7323.316864122804
2026-03-27 21:00:00+00:00,10000.0,10000.0,10011.917218519062,7331.884669076652
2026-03-27 22:00:00+00:00,10000.0,10000.0,10011.917218519062,7323.320191856473
2026-03-27 23:00:00+00:00,10000.0,10000.0,10011.917218519062,7366.191384717852
2026-03-28 00:00:00+00:00,10000.0,10000.0,10011.917218519062,7368.883521256302
2026-03-28 01:00:00+00:00,10000.0,10000.0,10011.917218519062,7340.852911315371
2026-03-28 02:00:00+00:00,10000.0,10000.0,10011.917218519062,7326.915253463855
2026-03-28 03:00:00+00:00,10000.0,10000.0,10011.917218519062,7347.635941777927
2026-03-28 04:00:00+00:00,10000.0,10000.0,10011.917218519062,7352.628651526408
2026-03-28 05:00:00+00:00,10000.0,10000.0,10011.917218519062,7358.939143807926
2026-03-28 06:00:00+00:00,10000.0,10000.0,10011.917218519062,7363.387214479201
2026-03-28 07:00:00+00:00,10000.0,10000.0,10011.917218519062,7383.295935777968
2026-03-28 08:00:00+00:00,10000.0,10000.0,10011.917218519062,7366.41877985192
2026-03-28 09:00:00+00:00,10000.0,10000.0,10011.917218519062,7355.547073954372
2026-03-28 10:00:00+00:00,10000.0,10000.0,10011.917218519062,7345.570528413859
2026-03-28 11:00:00+00:00,10000.0,10000.0,10011.917218519062,7356.45110826786
2026-03-28 12:00:00+00:00,10000.0,10000.0,10011.917218519062,7371.494682942132
2026-03-28 13:00:00+00:00,10000.0,10000.0,10011.917218519062,7413.6470853309465
2026-03-28 14:00:00+00:00,10000.0,10000.0,10011.917218519062,7403.331110956168
2026-03-28 15:00:00+00:00,10000.0,10000.0,10011.917218519062,7433.592411700075
2026-03-28 16:00:00+00:00,10000.0,10000.0,10011.917218519062,7423.835496581735
2026-03-28 17:00:00+00:00,10000.0,10000.0,10011.917218519062,7414.879456033139
2026-03-28 18:00:00+00:00,10000.0,10000.0,10011.917218519062,7421.736805880974
2026-03-28 19:00:00+00:00,10000.0,10000.0,10011.917218519062,7422.678554509381
2026-03-28 20:00:00+00:00,10000.0,10000.0,10011.917218519062,7421.511629236018
2026-03-28 21:00:00+00:00,10000.0,10000.0,10011.917218519062,7397.056114500454
2026-03-28 22:00:00+00:00,10000.0,10000.0,10011.917218519062,7404.859649954926
2026-03-28 23:00:00+00:00,10000.0,10000.0,10011.917218519062,7362.835919934657
2026-03-29 00:00:00+00:00,10000.0,10000.0,10011.917218519062,7375.137442065441
2026-03-29 01:00:00+00:00,10000.0,10000.0,10011.917218519062,7384.154491064644
2026-03-29 02:00:00+00:00,10000.0,10000.0,10011.917218519062,7411.750277139454
2026-03-29 03:00:00+00:00,10000.0,10000.0,10011.917218519062,7422.177175969876
2026-03-29 04:00:00+00:00,10000.0,10000.0,10011.917218519062,7402.559076744895
2026-03-29 05:00:00+00:00,10000.0,10000.0,10011.917218519062,7406.6410967125485
2026-03-29 06:00:00+00:00,10000.0,10000.0,10011.917218519062,7402.931782915854
2026-03-29 07:00:00+00:00,10000.0,10000.0,10011.917218519062,7395.444382159966
2026-03-29 08:00:00+00:00,10000.0,10000.0,10011.917218519062,7401.323378309034
2026-03-29 09:00:00+00:00,10000.0,10000.0,10011.917218519062,7391.341286545739
2026-03-29 10:00:00+00:00,10000.0,10000.0,10011.917218519062,7376.785779476294
2026-03-29 11:00:00+00:00,10000.0,10000.0,10011.917218519062,7411.5594870757495
2026-03-29 12:00:00+00:00,10000.0,10000.0,10011.917218519062,7415.286548785348
2026-03-29 13:00:00+00:00,10000.0,10000.0,10011.917218519062,7385.390189500505
2026-03-29 14:00:00+00:00,10000.0,10000.0,10011.917218519062,7386.4195684488695
2026-03-29 15:00:00+00:00,10000.0,10000.0,10011.917218519062,7379.027562724835
2026-03-29 16:00:00+00:00,10000.0,10000.0,10011.917218519062,7376.404199348884
2026-03-29 17:00:00+00:00,10000.0,10000.0,10011.917218519062,7363.81316438887
2026-03-29 18:00:00+00:00,10000.0,10000.0,10011.917218519062,7368.407655341595
2026-03-29 19:00:00+00:00,10000.0,10000.0,10011.917218519062,7359.6845561498485
2026-03-29 20:00:00+00:00,10000.0,10000.0,10011.917218519062,7389.127234411111
2026-03-29 21:00:00+00:00,10000.0,10000.0,10011.917218519062,7399.783746864712
2026-03-29 22:00:00+00:00,10000.0,10000.0,10011.917218519062,7305.51903521492
2026-03-29 23:00:00+00:00,10000.0,10000.0,10011.917218519062,7322.226476723836
2026-03-30 00:00:00+00:00,10000.0,10000.0,10012.284865272502,7352.100651117549
2026-03-30 01:00:00+00:00,10000.0,10000.0,10013.254344651565,7393.529826055573
2026-03-30 02:00:00+00:00,10000.0,10000.0,10014.460571974752,7445.361496443773
2026-03-30 03:00:00+00:00,10000.0,10000.0,10014.127663167033,7451.217198457158
2026-03-30 04:00:00+00:00,10000.0,10000.0,10014.127663167033,7500.300160834531
2026-03-30 05:00:00+00:00,10000.0,10000.0,10014.127663167033,7486.564385492287
2026-03-30 06:00:00+00:00,10000.0,10000.0,10014.127663167033,7465.78601646128
2026-03-30 07:00:00+00:00,10000.0,10000.0,10014.127663167033,7501.198648925237
2026-03-30 08:00:00+00:00,10000.0,10000.0,10014.127663167033,7505.863022285015
2026-03-30 09:00:00+00:00,10000.0,10000.0,10014.127663167033,7486.897158859214
2026-03-30 10:00:00+00:00,10000.0,10000.0,10014.127663167033,7486.128452381608
2026-03-30 11:00:00+00:00,10000.0,10000.0,10014.127663167033,7507.417073908571
2026-03-30 12:00:00+00:00,10000.0,10000.0,10014.127663167033,7531.725059118131
2026-03-30 13:00:00+00:00,10000.0,10000.0,10014.127663167033,7490.675245818408
2026-03-30 14:00:00+00:00,10000.0,10000.0,10014.127663167033,7520.62706733107
2026-03-30 15:00:00+00:00,10000.0,10000.0,10014.127663167033,7501.754380448008
2026-03-30 16:00:00+00:00,10000.0,10000.0,10014.127663167033,7472.7698201885505
2026-03-30 17:00:00+00:00,10000.0,10000.0,10014.127663167033,7412.861740184997
2026-03-30 18:00:00+00:00,10000.0,10000.0,10014.127663167033,7393.498767207993
2026-03-30 19:00:00+00:00,10000.0,10000.0,10014.127663167033,7382.028069249973
2026-03-30 20:00:00+00:00,10000.0,10000.0,10014.127663167033,7393.270262829366
2026-03-30 21:00:00+00:00,10000.0,10000.0,10014.127663167033,7410.785234375362
2026-03-30 22:00:00+00:00,10000.0,10000.0,10014.127663167033,7408.087551614129
2026-03-30 23:00:00+00:00,10000.0,10000.0,10014.127663167033,7409.461905619542
2026-03-31 00:00:00+00:00,10000.0,10000.0,10014.127663167033,7455.09400818187
2026-03-31 01:00:00+00:00,10000.0,10000.0,10014.127663167033,7536.045566665414
2026-03-31 02:00:00+00:00,10000.0,10000.0,10014.127663167033,7536.587987253508
2026-03-31 03:00:00+00:00,10000.0,10000.0,10014.127663167033,7510.111428936134
2026-03-31 04:00:00+00:00,10000.0,10000.0,10014.127663167033,7492.282541180668
2026-03-31 05:00:00+00:00,10000.0,10000.0,10014.127663167033,7507.553510989009
2026-03-31 06:00:00+00:00,10000.0,10000.0,10014.127663167033,7486.607646029984
2026-03-31 07:00:00+00:00,10000.0,10000.0,10014.127663167033,7472.724341161733
2026-03-31 08:00:00+00:00,10000.0,10000.0,10014.127663167033,7407.349903984103
2026-03-31 09:00:00+00:00,10000.0,10000.0,10014.127663167033,7334.878520134449
2026-03-31 10:00:00+00:00,10000.0,10000.0,10014.127663167033,7361.321801115131
2026-03-31 11:00:00+00:00,10000.0,10000.0,10014.127663167033,7397.0738624133555
2026-03-31 12:00:00+00:00,10000.0,10000.0,10014.127663167033,7393.476582316859
2026-03-31 13:00:00+00:00,10000.0,10000.0,10014.127663167033,7465.469881762693
2026-03-31 14:00:00+00:00,10000.0,10000.0,10014.127663167033,7386.176643891008
2026-03-31 15:00:00+00:00,10000.0,10000.0,10014.127663167033,7402.743211341259
2026-03-31 16:00:00+00:00,10000.0,10000.0,10014.127663167033,7505.79535836707
2026-03-31 17:00:00+00:00,10000.0,10000.0,10014.127663167033,7490.367985076272
2026-03-31 18:00:00+00:00,10000.0,10000.0,10014.127663167033,7526.673559408155
2026-03-31 19:00:00+00:00,10000.0,10000.0,10014.127663167033,7524.981961459603
2026-03-31 20:00:00+00:00,10000.0,10000.0,10014.127663167033,7572.316754416045
2026-03-31 21:00:00+00:00,10000.0,10000.0,10014.127663167033,7573.698873133356
2026-03-31 22:00:00+00:00,10000.0,10000.0,10014.127663167033,7562.038494356186
2026-03-31 23:00:00+00:00,10000.0,10000.0,10014.127663167033,7574.418772850477
2026-04-01 00:00:00+00:00,10000.0,10000.0,10014.127663167033,7579.551247413069
2026-04-01 01:00:00+00:00,10000.0,10000.0,10014.127663167033,7518.7624272317125
2026-04-01 02:00:00+00:00,10000.0,10000.0,10014.127663167033,7506.134787201338
2026-04-01 03:00:00+00:00,10000.0,10000.0,10014.127663167033,7561.794460553773
2026-04-01 04:00:00+00:00,10000.0,10000.0,10014.127663167033,7576.565161067166
2026-04-01 05:00:00+00:00,10000.0,10000.0,10014.127663167033,7593.4467539714415
2026-04-01 06:00:00+00:00,10000.0,10000.0,10014.127663167033,7665.196019614862
2026-04-01 07:00:00+00:00,10000.0,10000.0,10014.127663167033,7619.622707014024
2026-04-01 08:00:00+00:00,10000.0,10000.0,10014.127663167033,7617.200116902787
2026-04-01 09:00:00+00:00,10000.0,10000.0,10014.127663167033,7614.2983331431715
2026-04-01 10:00:00+00:00,10000.0,10000.0,10014.127663167033,7607.814798710851
2026-04-01 11:00:00+00:00,10000.0,10000.0,10014.127663167033,7621.898876843815
2026-04-01 12:00:00+00:00,10000.0,10000.0,10014.127663167033,7586.522849450219
2026-04-01 13:00:00+00:00,10000.0,10000.0,10014.127663167033,7555.737985275678
2026-04-01 14:00:00+00:00,10000.0,10000.0,10014.127663167033,7608.702194355992
2026-04-01 15:00:00+00:00,10000.0,10000.0,10014.127663167033,7644.749314706226
2026-04-01 16:00:00+00:00,10000.0,10000.0,10014.127663167033,7633.415053828646
2026-04-01 17:00:00+00:00,10000.0,10000.0,10014.127663167033,7572.437662072696
2026-04-01 18:00:00+00:00,10000.0,10000.0,10014.127663167033,7552.2649405695
2026-04-01 19:00:00+00:00,10000.0,10000.0,10014.127663167033,7562.478864445087
2026-04-01 20:00:00+00:00,10000.0,10000.0,10014.127663167033,7564.059537937996
2026-04-01 21:00:00+00:00,10000.0,10000.0,10014.127663167033,7583.076426613395
2026-04-01 22:00:00+00:00,10000.0,10000.0,10014.127663167033,7556.505582508724
2026-04-01 23:00:00+00:00,10000.0,10000.0,10014.127663167033,7555.499497696042
2026-04-02 00:00:00+00:00,10000.0,10000.0,10014.127663167033,7609.44982518702
2026-04-02 01:00:00+00:00,10000.0,10000.0,10014.127663167033,7471.790357245217
2026-04-02 02:00:00+00:00,10000.0,10000.0,10014.127663167033,7415.6315238423895
2026-04-02 03:00:00+00:00,10000.0,10000.0,10014.127663167033,7384.934289987806
2026-04-02 04:00:00+00:00,10000.0,10000.0,10014.127663167033,7357.649092388795
2026-04-02 05:00:00+00:00,10000.0,10000.0,10014.127663167033,7386.630324914584
2026-04-02 06:00:00+00:00,10000.0,10000.0,10014.127663167033,7396.607979699652
2026-04-02 07:00:00+00:00,10000.0,10000.0,10014.127663167033,7424.261446491396
2026-04-02 08:00:00+00:00,10000.0,10000.0,10014.127663167033,7369.72321938551
2026-04-02 09:00:00+00:00,10000.0,10000.0,10014.127663167033,7373.1041967935025
2026-04-02 10:00:00+00:00,10000.0,10000.0,10014.127663167033,7371.737607499983
2026-04-02 11:00:00+00:00,10000.0,10000.0,10014.127663167033,7345.4485115126445
2026-04-02 12:00:00+00:00,10000.0,10000.0,10014.127663167033,7326.860900480584
2026-04-02 13:00:00+00:00,10000.0,10000.0,10014.127663167033,7351.06017972361
2026-04-02 14:00:00+00:00,10000.0,10000.0,10014.127663167033,7417.3164663236
2026-04-02 15:00:00+00:00,10000.0,10000.0,10014.127663167033,7415.622649885936
2026-04-02 16:00:00+00:00,10000.0,10000.0,10014.127663167033,7442.570637139793
2026-04-02 17:00:00+00:00,10000.0,10000.0,10014.127663167033,7396.349525718002
2026-04-02 18:00:00+00:00,10000.0,10000.0,10014.127663167033,7429.940778620306
2026-04-02 19:00:00+00:00,10000.0,10000.0,10014.127663167033,7429.27523188645
2026-04-02 20:00:00+00:00,10000.0,10000.0,10014.127663167033,7425.199867386133
2026-04-02 21:00:00+00:00,10000.0,10000.0,10014.127663167033,7424.831598193398
2026-04-02 22:00:00+00:00,10000.0,10000.0,10014.127663167033,7429.99513160357
2026-04-02 23:00:00+00:00,10000.0,10000.0,10014.127663167033,7421.066822168885
2026-04-03 00:00:00+00:00,10000.0,10000.0,10014.127663167033,7408.185165135088
2026-04-03 01:00:00+00:00,10000.0,10000.0,10014.127663167033,7390.896479478604
2026-04-03 02:00:00+00:00,10000.0,10000.0,10014.127663167033,7380.226656090326
2026-04-03 03:00:00+00:00,10000.0,10000.0,10014.127663167033,7385.346928962798
2026-04-03 04:00:00+00:00,10000.0,10000.0,10014.127663167033,7387.863804861333
2026-04-03 05:00:00+00:00,10000.0,10000.0,10014.127663167033,7387.607569368798
2026-04-03 06:00:00+00:00,10000.0,10000.0,10014.127663167033,7409.397569435266
2026-04-03 07:00:00+00:00,10000.0,10000.0,10014.127663167033,7436.606229159885
2026-04-03 08:00:00+00:00,10000.0,10000.0,10014.127663167033,7428.09943265664
2026-04-03 09:00:00+00:00,10000.0,10000.0,10014.127663167033,7416.362516005077
2026-04-03 10:00:00+00:00,10000.0,10000.0,10014.127663167033,7418.969240712681
2026-04-03 11:00:00+00:00,10000.0,10000.0,10014.127663167033,7433.873050572845
2026-04-03 12:00:00+00:00,10000.0,10000.0,10014.127663167033,7401.119277310645
2026-04-03 13:00:00+00:00,10000.0,10000.0,10014.127663167033,7395.5553066156035
2026-04-03 14:00:00+00:00,10000.0,10000.0,10014.127663167033,7424.152740524869
2026-04-03 15:00:00+00:00,10000.0,10000.0,10014.127663167033,7412.7652359085805
2026-04-03 16:00:00+00:00,10000.0,10000.0,10014.127663167033,7433.09879787246
2026-04-03 17:00:00+00:00,10000.0,10000.0,10014.127663167033,7415.855591242788
2026-04-03 18:00:00+00:00,10000.0,10000.0,10014.127663167033,7411.088058139261
2026-04-03 19:00:00+00:00,10000.0,10000.0,10014.127663167033,7419.264299764691
2026-04-03 20:00:00+00:00,10000.0,10000.0,10014.127663167033,7413.301001029333
2026-04-03 21:00:00+00:00,10000.0,10000.0,10014.127663167033,7427.9685417989795
2026-04-03 22:00:00+00:00,10000.0,10000.0,10014.127663167033,7419.599291620731
2026-04-03 23:00:00+00:00,10000.0,10000.0,10014.127663167033,7427.978524999988
2026-04-04 00:00:00+00:00,10000.0,10000.0,10014.127663167033,7420.112871850357
2026-04-04 01:00:00+00:00,10000.0,10000.0,10014.127663167033,7415.521708631303
2026-04-04 02:00:00+00:00,10000.0,10000.0,10014.127663167033,7414.7263802843445
2026-04-04 03:00:00+00:00,10000.0,10000.0,10014.127663167033,7413.3231859204625
2026-04-04 04:00:00+00:00,10000.0,10000.0,10014.127663167033,7416.490079129065
2026-04-04 05:00:00+00:00,10000.0,10000.0,10014.127663167033,7422.653041884577
2026-04-04 06:00:00+00:00,10000.0,10000.0,10014.127663167033,7433.407167859145
2026-04-04 07:00:00+00:00,10000.0,10000.0,10014.127663167033,7433.597957922851
2026-04-04 08:00:00+00:00,10000.0,10000.0,10014.127663167033,7425.283060727867
2026-04-04 09:00:00+00:00,10000.0,10000.0,10014.127663167033,7430.612980821504
2026-04-04 10:00:00+00:00,10000.0,10000.0,10014.127663167033,7450.462912158779
2026-04-04 11:00:00+00:00,10000.0,10000.0,10014.127663167033,7449.345902890455
2026-04-04 12:00:00+00:00,10000.0,10000.0,10014.127663167033,7442.794704540193
2026-04-04 13:00:00+00:00,10000.0,10000.0,10014.127663167033,7453.395754765975
2026-04-04 14:00:00+00:00,10000.0,10000.0,10014.127663167033,7455.813907898987
2026-04-04 15:00:00+00:00,10000.0,10000.0,10014.127663167033,7474.4958047183445
2026-04-04 16:00:00+00:00,10000.0,10000.0,10014.127663167033,7472.612307461529
2026-04-04 17:00:00+00:00,10000.0,10000.0,10014.127663167033,7468.477043755166
2026-04-04 18:00:00+00:00,10000.0,10000.0,10014.127663167033,7464.713376975207
2026-04-04 19:00:00+00:00,10000.0,10000.0,10014.127663167033,7463.9313595629255
2026-04-04 20:00:00+00:00,10000.0,10000.0,10014.127663167033,7461.710651960957
2026-04-04 21:00:00+00:00,10000.0,10000.0,10014.127663167033,7471.782592533322
2026-04-04 22:00:00+00:00,10000.0,10000.0,10014.127663167033,7476.299436367095
2026-04-04 23:00:00+00:00,10000.0,10000.0,10014.127663167033,7465.262453030638
2026-04-05 00:00:00+00:00,10000.0,10000.0,10014.127663167033,7456.89653058606
2026-04-05 01:00:00+00:00,10000.0,10000.0,10014.127663167033,7441.36710679607
2026-04-05 02:00:00+00:00,10000.0,10000.0,10014.127663167033,7450.81343343861
2026-04-05 03:00:00+00:00,10000.0,10000.0,10014.127663167033,7448.131280101166
2026-04-05 04:00:00+00:00,10000.0,10000.0,10014.127663167033,7443.213998982522
2026-04-05 05:00:00+00:00,10000.0,10000.0,10014.127663167033,7424.356841523249
2026-04-05 06:00:00+00:00,10000.0,10000.0,10014.127663167033,7410.002107718518
2026-04-05 07:00:00+00:00,10000.0,10000.0,10014.127663167033,7412.043117702345
2026-04-05 08:00:00+00:00,10000.0,10000.0,10014.127663167033,7424.526555940382
2026-04-05 09:00:00+00:00,10000.0,10000.0,10014.127663167033,7435.837522682277
2026-04-05 10:00:00+00:00,10000.0,10000.0,10014.127663167033,7437.042162270557
2026-04-05 11:00:00+00:00,10000.0,10000.0,10014.127663167033,7431.827603610791
2026-04-05 12:00:00+00:00,10000.0,10000.0,10014.127663167033,7407.932257376223
2026-04-05 13:00:00+00:00,10000.0,10000.0,10014.127663167033,7419.814485064678
2026-04-05 14:00:00+00:00,10000.0,10000.0,10014.127663167033,7422.846050437395
2026-04-05 15:00:00+00:00,10000.0,10000.0,10014.127663167033,7465.952403144736
2026-04-05 16:00:00+00:00,10000.0,10000.0,10014.127663167033,7455.523285825202
2026-04-05 17:00:00+00:00,10000.0,10000.0,10014.127663167033,7473.384341672802
2026-04-05 18:00:00+00:00,10000.0,10000.0,10014.127663167033,7477.836849322302
2026-04-05 19:00:00+00:00,10000.0,10000.0,10014.127663167033,7471.9833657980325
2026-04-05 20:00:00+00:00,10000.0,10000.0,10014.127663167033,7504.965643438859
2026-04-05 21:00:00+00:00,10000.0,10000.0,10014.127663167033,7493.327449552817
2026-04-05 22:00:00+00:00,10000.0,10000.0,10014.127663167033,7580.4031472324
2026-04-05 23:00:00+00:00,10000.0,10000.0,10014.127663167033,7657.5788372458655
2026-04-06 00:00:00+00:00,10000.0,10000.0,10014.127663167033,7663.080690245748
2026-04-06 01:00:00+00:00,10000.0,10000.0,10014.127663167033,7632.731759181882
2026-04-06 02:00:00+00:00,10000.0,10000.0,10014.127663167033,7676.858616881139
2026-04-06 03:00:00+00:00,10000.0,10000.0,10014.127663167033,7667.507685270452
2026-04-06 04:00:00+00:00,10000.0,10000.0,10013.812577097086,7669.516527162144
2026-04-06 05:00:00+00:00,10000.0,10000.0,10013.983466885042,7675.89579260616
2026-04-06 06:00:00+00:00,10000.0,10000.0,10013.32243521739,7651.199571801851
2026-04-06 07:00:00+00:00,10000.0,10000.0,10013.73715424129,7666.644693005552
2026-04-06 08:00:00+00:00,10000.0,10000.0,10014.060332076153,7678.7043998230365
2026-04-06 09:00:00+00:00,10000.0,10000.0,10015.554332963206,7734.540443059942
2026-04-06 10:00:00+00:00,10000.0,10000.0,10015.181082277839,7739.296883717904
2026-04-06 11:00:00+00:00,10000.0,10000.0,10015.181082277839,7721.995996371299
2026-04-06 12:00:00+00:00,10000.0,10000.0,10015.181082277839,7694.468983458986
2026-04-06 13:00:00+00:00,10000.0,10000.0,10015.181082277839,7701.288618991904
2026-04-06 14:00:00+00:00,10000.0,10000.0,10015.181082277839,7726.37418463552
2026-04-06 15:00:00+00:00,10000.0,10000.0,10015.181082277839,7761.258816690617
2026-04-06 16:00:00+00:00,10000.0,10000.0,10015.181082277839,7742.431608834369
2026-04-06 17:00:00+00:00,10000.0,10000.0,10015.181082277839,7717.5257408088955
2026-04-06 18:00:00+00:00,10000.0,10000.0,10015.181082277839,7752.395952684761
2026-04-06 19:00:00+00:00,10000.0,10000.0,10015.181082277839,7735.819402033504
2026-04-06 20:00:00+00:00,10000.0,10000.0,10015.181082277839,7745.412148957491
2026-04-06 21:00:00+00:00,10000.0,10000.0,10015.181082277839,7709.803180207046
2026-04-06 22:00:00+00:00,10000.0,10000.0,10015.181082277839,7632.822717235513
2026-04-06 23:00:00+00:00,10000.0,10000.0,10015.181082277839,7637.554754513234
2026-04-07 00:00:00+00:00,10000.0,10000.0,10015.181082277839,7628.9070839513215
2026-04-07 01:00:00+00:00,10000.0,10000.0,10015.181082277839,7587.233875210884
2026-04-07 02:00:00+00:00,10000.0,10000.0,10015.181082277839,7617.6260668124505
2026-04-07 03:00:00+00:00,10000.0,10000.0,10015.181082277839,7629.296428790629
2026-04-07 04:00:00+00:00,10000.0,10000.0,10015.181082277839,7637.664569724318
2026-04-07 05:00:00+00:00,10000.0,10000.0,10015.181082277839,7617.071444534237
2026-04-07 06:00:00+00:00,10000.0,10000.0,10015.181082277839,7605.906898073792
2026-04-07 07:00:00+00:00,10000.0,10000.0,10015.181082277839,7612.147507948253
2026-04-07 08:00:00+00:00,10000.0,10000.0,10015.181082277839,7646.767030554367
2026-04-07 09:00:00+00:00,10000.0,10000.0,10015.181082277839,7670.431653921198
2026-04-07 10:00:00+00:00,10000.0,10000.0,10015.181082277839,7569.255239440304
2026-04-07 11:00:00+00:00,10000.0,10000.0,10015.181082277839,7581.215114247709
2026-04-07 12:00:00+00:00,10000.0,10000.0,10015.181082277839,7586.365336723203
2026-04-07 13:00:00+00:00,10000.0,10000.0,10015.181082277839,7568.596348173787
2026-04-07 14:00:00+00:00,10000.0,10000.0,10015.181082277839,7527.386803657936
2026-04-07 15:00:00+00:00,10000.0,10000.0,10015.181082277839,7561.509384702769
2026-04-07 16:00:00+00:00,10000.0,10000.0,10015.181082277839,7568.374499262502
2026-04-07 17:00:00+00:00,10000.0,10000.0,10015.181082277839,7621.1545737464485
2026-04-07 18:00:00+00:00,10000.0,10000.0,10015.181082277839,7591.950383064816
2026-04-07 19:00:00+00:00,10000.0,10000.0,10015.181082277839,7655.039776456204
2026-04-07 20:00:00+00:00,10000.0,10000.0,10015.181082277839,7689.215601239745
2026-04-07 21:00:00+00:00,10000.0,10000.0,10015.181082277839,7756.685401384467
2026-04-07 22:00:00+00:00,10000.0,10000.0,10015.181082277839,7932.661504038956
2026-04-07 23:00:00+00:00,10000.0,10000.0,10015.181082277839,7978.15495103173
2026-04-08 00:00:00+00:00,10000.0,10000.0,10015.181082277839,7954.413789790506
2026-04-08 01:00:00+00:00,10000.0,10000.0,10015.181082277839,7928.543988245497
2026-04-08 02:00:00+00:00,10000.0,10000.0,10015.181082277839,7916.117121479835
2026-04-08 03:00:00+00:00,10000.0,10000.0,10015.181082277839,7907.514929944738
2026-04-08 04:00:00+00:00,10000.0,10000.0,10015.181082277839,7938.439558933388
2026-04-08 05:00:00+00:00,10000.0,10000.0,10015.181082277839,7956.733220157996
2026-04-08 06:00:00+00:00,10000.0,10000.0,10015.181082277839,7956.909590042467
2026-04-08 07:00:00+00:00,10000.0,10000.0,10015.181082277839,7945.251429754409
2026-04-08 08:00:00+00:00,10000.0,10000.0,10015.181082277839,7964.3759151517825
2026-04-08 09:00:00+00:00,10000.0,10000.0,10015.181082277839,7950.939635839773
2026-04-08 10:00:00+00:00,10000.0,10000.0,10015.181082277839,7928.545097490051
2026-04-08 11:00:00+00:00,10000.0,10000.0,10015.181082277839,7950.523669131112
2026-04-08 12:00:00+00:00,10000.0,10000.0,10015.181082277839,7994.5418208638375
2026-04-08 13:00:00+00:00,10000.0,10000.0,10015.181082277839,7942.192133267782
2026-04-08 14:00:00+00:00,10000.0,10000.0,10015.181082277839,7865.97261206196
2026-04-08 15:00:00+00:00,10000.0,10000.0,10015.181082277839,7910.0229318868205
2026-04-08 16:00:00+00:00,10000.0,10000.0,10015.181082277839,7942.423965380078
2026-04-08 17:00:00+00:00,10000.0,10000.0,10015.181082277839,7974.158342894921
2026-04-08 18:00:00+00:00,10000.0,10000.0,10015.181082277839,7886.687754153249
2026-04-08 19:00:00+00:00,10000.0,10000.0,10015.181082277839,7910.963571270671
2026-04-08 20:00:00+00:00,10000.0,10000.0,10015.181082277839,7917.003407880422
2026-04-08 21:00:00+00:00,10000.0,10000.0,10015.181082277839,7936.798986234432
2026-04-08 22:00:00+00:00,10000.0,10000.0,10015.181082277839,7882.828692341437
2026-04-08 23:00:00+00:00,10000.0,10000.0,10015.181082277839,7883.3932978206585
2026-04-09 00:00:00+00:00,10000.0,10000.0,10015.181082277839,7855.170788571467
2026-04-09 01:00:00+00:00,10000.0,10000.0,10015.181082277839,7867.748512596801
2026-04-09 02:00:00+00:00,10000.0,10000.0,10015.181082277839,7882.362809627738
2026-04-09 03:00:00+00:00,10000.0,10000.0,10015.181082277839,7874.792215530118
2026-04-09 04:00:00+00:00,10000.0,10000.0,10015.181082277839,7851.454819307433
2026-04-09 05:00:00+00:00,10000.0,10000.0,10015.181082277839,7873.861559347275
2026-04-09 06:00:00+00:00,10000.0,10000.0,10015.181082277839,7879.168185305225
2026-04-09 07:00:00+00:00,10000.0,10000.0,10015.181082277839,7873.640819680545
2026-04-09 08:00:00+00:00,10000.0,10000.0,10015.181082277839,7903.31311156499
2026-04-09 09:00:00+00:00,10000.0,10000.0,10015.181082277839,7934.94543858064
2026-04-09 10:00:00+00:00,10000.0,10000.0,10015.181082277839,7906.301416400006
2026-04-09 11:00:00+00:00,10000.0,10000.0,10015.181082277839,7892.293876141435
2026-04-09 12:00:00+00:00,10000.0,10000.0,10015.181082277839,7906.65415616895
2026-04-09 13:00:00+00:00,10000.0,10000.0,10015.181082277839,7853.671089931175
2026-04-09 14:00:00+00:00,10000.0,10000.0,10015.181082277839,7889.358815045128
2026-04-09 15:00:00+00:00,10000.0,10000.0,10015.181082277839,8002.310969737058
2026-04-09 16:00:00+00:00,10000.0,10000.0,10015.181082277839,7995.53126700817
2026-04-09 17:00:00+00:00,10000.0,10000.0,10015.181082277839,8025.10594537165
2026-04-09 18:00:00+00:00,10000.0,10000.0,10015.181082277839,7974.213805122742
2026-04-09 19:00:00+00:00,10000.0,10000.0,10015.181082277839,7997.245049847853
2026-04-09 20:00:00+00:00,10000.0,10000.0,10015.181082277839,8032.480203182782
2026-04-09 21:00:00+00:00,10000.0,10000.0,10015.181082277839,8015.950240802895
2026-04-09 22:00:00+00:00,10000.0,10000.0,10015.181082277839,7980.571994920186
2026-04-09 23:00:00+00:00,10000.0,10000.0,10015.181082277839,7963.041493950402
2026-04-10 00:00:00+00:00,10000.0,10000.0,10015.181082277839,7982.459929155227
2026-04-10 01:00:00+00:00,10000.0,10000.0,10015.181082277839,8004.079105560004
2026-04-10 02:00:00+00:00,10000.0,10000.0,10015.181082277839,7982.718383136874
2026-04-10 03:00:00+00:00,10000.0,10000.0,10015.181082277839,7971.993097520774
2026-04-10 04:00:00+00:00,10000.0,10000.0,10015.181082277839,7999.571135682682
2026-04-10 05:00:00+00:00,10000.0,10000.0,10015.181082277839,8000.741388689714
2026-04-10 06:00:00+00:00,10000.0,10000.0,10015.181082277839,7964.972688723143
2026-04-10 07:00:00+00:00,10000.0,10000.0,10015.181082277839,7929.085299589035
2026-04-10 08:00:00+00:00,10000.0,10000.0,10015.181082277839,7942.864335468981
2026-04-10 09:00:00+00:00,10000.0,10000.0,10015.181082277839,7962.979376255242
2026-04-10 10:00:00+00:00,10000.0,10000.0,10015.181082277839,7976.587588473498
2026-04-10 11:00:00+00:00,10000.0,10000.0,10015.181082277839,8000.713657575803
2026-04-10 12:00:00+00:00,10000.0,10000.0,10015.181082277839,8015.254744466015
2026-04-10 13:00:00+00:00,10000.0,10000.0,10015.181082277839,8022.21192632393
2026-04-10 14:00:00+00:00,10000.0,10000.0,10015.181082277839,8087.391136459629
2026-04-10 15:00:00+00:00,10000.0,10000.0,10015.181082277839,8037.642627348397
2026-04-10 16:00:00+00:00,10000.0,10000.0,10015.181082277839,8096.634471348342
2026-04-10 17:00:00+00:00,10000.0,10000.0,10015.181082277839,8110.9803311966225
2026-04-10 18:00:00+00:00,10000.0,10000.0,10015.181082277839,8109.361943388794
2026-04-10 19:00:00+00:00,10000.0,10000.0,10015.181082277839,8123.675635144937
2026-04-10 20:00:00+00:00,10000.0,10000.0,10015.181082277839,8137.60441904
2026-04-10 21:00:00+00:00,10000.0,10000.0,10015.181082277839,8118.635227880529
2026-04-10 22:00:00+00:00,10000.0,10000.0,10015.181082277839,8083.841553879058
2026-04-10 23:00:00+00:00,10000.0,10000.0,10015.181082277839,8093.347779727643
2026-04-11 00:00:00+00:00,10000.0,10000.0,10015.181082277839,8078.452843823931
2026-04-11 01:00:00+00:00,10000.0,10000.0,10015.181082277839,8092.425997501253
2026-04-11 02:00:00+00:00,10000.0,10000.0,10015.181082277839,8093.777057370983
2026-04-11 03:00:00+00:00,10000.0,10000.0,10015.181082277839,8082.691267274044
2026-04-11 04:00:00+00:00,10000.0,10000.0,10015.181082277839,8075.974791484873
2026-04-11 05:00:00+00:00,10000.0,10000.0,10015.181082277839,8066.679322102008
2026-04-11 06:00:00+00:00,10000.0,10000.0,10015.181082277839,8071.085241480139
2026-04-11 07:00:00+00:00,10000.0,10000.0,10015.181082277839,8069.241677027357
2026-04-11 08:00:00+00:00,10000.0,10000.0,10015.181082277839,8060.233501984605
2026-04-11 09:00:00+00:00,10000.0,10000.0,10015.181082277839,8087.181489238463
2026-04-11 10:00:00+00:00,10000.0,10000.0,10015.181082277839,8080.148878750711
2026-04-11 11:00:00+00:00,10000.0,10000.0,10015.181082277839,8087.174833771125
2026-04-11 12:00:00+00:00,10000.0,10000.0,10015.181082277839,8090.884147567819
2026-04-11 13:00:00+00:00,10000.0,10000.0,10015.181082277839,8059.556862805185
2026-04-11 14:00:00+00:00,10000.0,10000.0,10015.181082277839,8064.725942438138
2026-04-11 15:00:00+00:00,10000.0,10000.0,10015.181082277839,8081.752846379304
2026-04-11 16:00:00+00:00,10000.0,10000.0,10015.181082277839,8101.293298485337
2026-04-11 17:00:00+00:00,10000.0,10000.0,10015.181082277839,8108.1306819311585
2026-04-11 18:00:00+00:00,10000.0,10000.0,10015.181082277839,8158.259661925244
2026-04-11 19:00:00+00:00,10000.0,10000.0,10015.181082277839,8173.707001618057
2026-04-11 20:00:00+00:00,10000.0,10000.0,10015.181082277839,8129.701051575453
2026-04-11 21:00:00+00:00,10000.0,10000.0,10015.181082277839,8144.854441460814
2026-04-11 22:00:00+00:00,10000.0,10000.0,10015.181082277839,8139.193966489363
2026-04-11 23:00:00+00:00,10000.0,10000.0,10015.181082277839,8102.272761428665
2026-04-12 00:00:00+00:00,10000.0,10000.0,10015.181082277839,8106.35478139632
2026-04-12 01:00:00+00:00,10000.0,10000.0,10015.181082277839,7947.037313490262
2026-04-12 02:00:00+00:00,10000.0,10000.0,10015.181082277839,7960.088684941193
2026-04-12 03:00:00+00:00,10000.0,10000.0,10015.181082277839,7941.4356284803025
2026-04-12 04:00:00+00:00,10000.0,10000.0,10015.181082277839,7927.385936928587
2026-04-12 05:00:00+00:00,10000.0,10000.0,10015.181082277839,7954.414899035062
2026-04-12 06:00:00+00:00,10000.0,10000.0,10015.181082277839,7949.734996251493
2026-04-12 07:00:00+00:00,10000.0,10000.0,10015.181082277839,7949.401113640009
2026-04-12 08:00:00+00:00,10000.0,10000.0,10015.181082277839,7945.431127372555
2026-04-12 09:00:00+00:00,10000.0,10000.0,10015.181082277839,7934.641505572182
2026-04-12 10:00:00+00:00,10000.0,10000.0,10015.181082277839,7925.87292735362
2026-04-12 11:00:00+00:00,10000.0,10000.0,10015.181082277839,7927.610004328986
2026-04-12 12:00:00+00:00,10000.0,10000.0,10015.181082277839,7884.9551141561105
2026-04-12 13:00:00+00:00,10000.0,10000.0,10015.181082277839,7863.370324332582
2026-04-12 14:00:00+00:00,10000.0,10000.0,10015.181082277839,7847.721102130498
2026-04-12 15:00:00+00:00,10000.0,10000.0,10015.181082277839,7863.65983716181
2026-04-12 16:00:00+00:00,10000.0,10000.0,10015.181082277839,7868.567135079447
2026-04-12 17:00:00+00:00,10000.0,10000.0,10015.181082277839,7891.222345899928
2026-04-12 18:00:00+00:00,10000.0,10000.0,10015.181082277839,7890.903992712234
2026-04-12 19:00:00+00:00,10000.0,10000.0,10015.181082277839,7884.9739713135705
2026-04-12 20:00:00+00:00,10000.0,10000.0,10015.181082277839,7912.843740793819
2026-04-12 21:00:00+00:00,10000.0,10000.0,10015.181082277839,7916.015070980648
2026-04-12 22:00:00+00:00,10000.0,10000.0,10015.181082277839,7865.955973393616
2026-04-12 23:00:00+00:00,10000.0,10000.0,10015.181082277839,7846.904698136968
2026-04-13 00:00:00+00:00,10000.0,10000.0,10015.181082277839,7894.784130170619
2026-04-13 01:00:00+00:00,10000.0,10000.0,10015.181082277839,7897.559460050801
2026-04-13 02:00:00+00:00,10000.0,10000.0,10015.181082277839,7883.749365323275
2026-04-13 03:00:00+00:00,10000.0,10000.0,10015.181082277839,7872.974163702135
2026-04-13 04:00:00+00:00,10000.0,10000.0,10015.181082277839,7863.46793785355
2026-04-13 05:00:00+00:00,10000.0,10000.0,10015.181082277839,7862.194525102771
2026-04-13 06:00:00+00:00,10000.0,10000.0,10015.181082277839,7877.5952765242155
2026-04-13 07:00:00+00:00,10000.0,10000.0,10015.181082277839,7854.991090953329
2026-04-13 08:00:00+00:00,10000.0,10000.0,10015.181082277839,7840.2181719508235
2026-04-13 09:00:00+00:00,10000.0,10000.0,10015.181082277839,7852.661677384831
2026-04-13 10:00:00+00:00,10000.0,10000.0,10015.181082277839,7848.5574725260485
2026-04-13 11:00:00+00:00,10000.0,10000.0,10015.181082277839,7867.8361429167635
2026-04-13 12:00:00+00:00,10000.0,10000.0,10015.181082277839,7883.945701609766
2026-04-13 13:00:00+00:00,10000.0,10000.0,10015.181082277839,7949.140441169252
2026-04-13 14:00:00+00:00,10000.0,10000.0,10015.181082277839,8030.947227205803
2026-04-13 15:00:00+00:00,10000.0,10000.0,10015.181082277839,7971.762374653041
2026-04-13 16:00:00+00:00,10000.0,10000.0,10015.181082277839,8009.007479124217
2026-04-13 17:00:00+00:00,10000.0,10000.0,10015.181082277839,8003.0741299918855
2026-04-13 18:00:00+00:00,10000.0,10000.0,10015.181082277839,8033.688170504738
2026-04-13 19:00:00+00:00,10000.0,10000.0,10015.181082277839,8133.293894693729
2026-04-13 20:00:00+00:00,10000.0,10000.0,10015.181082277839,8114.052938617931
2026-04-13 21:00:00+00:00,10000.0,10000.0,10015.181082277839,8117.419495846691
2026-04-13 22:00:00+00:00,10000.0,10000.0,10015.181082277839,8277.963788232155
2026-04-13 23:00:00+00:00,10000.0,10000.0,10015.181082277839,8254.775030780032
2026-04-14 00:00:00+00:00,10000.0,10000.0,10015.181082277839,8226.581361889306
2026-04-14 01:00:00+00:00,10000.0,10000.0,10015.181082277839,8251.228775933132
2026-04-14 02:00:00+00:00,10000.0,10000.0,10015.181082277839,8245.123493894553
2026-04-14 03:00:00+00:00,10000.0,10000.0,10015.181082277839,8257.707873387226
2026-04-14 04:00:00+00:00,10000.0,10000.0,10015.181082277839,8251.431767686958
2026-04-14 05:00:00+00:00,10000.0,10000.0,10015.181082277839,8231.716054941011
2026-04-14 06:00:00+00:00,10000.0,10000.0,10015.181082277839,8266.393258264057
2026-04-14 07:00:00+00:00,10000.0,10000.0,10015.181082277839,8268.974470346864
2026-04-14 08:00:00+00:00,10000.0,10000.0,10015.181082277839,8291.603059297991
2026-04-14 09:00:00+00:00,10000.0,10000.0,10015.181082277839,8263.871945387296
2026-04-14 10:00:00+00:00,10000.0,10000.0,10015.181082277839,8247.234386285434
2026-04-14 11:00:00+00:00,10000.0,10000.0,10015.181082277839,8250.174993604523
2026-04-14 12:00:00+00:00,10000.0,10000.0,10015.181082277839,8258.547571516441
2026-04-14 13:00:00+00:00,10000.0,10000.0,10015.181082277839,8377.67378140945
2026-04-14 14:00:00+00:00,10000.0,10000.0,10015.181082277839,8320.84496429454
2026-04-14 15:00:00+00:00,10000.0,10000.0,10015.181082277839,8354.504990359344
2026-04-14 16:00:00+00:00,10000.0,10000.0,10015.181082277839,8280.754647536127
2026-04-14 17:00:00+00:00,10000.0,10000.0,10015.181082277839,8291.481042396785
2026-04-14 18:00:00+00:00,10000.0,10000.0,10015.181082277839,8218.746767587258
2026-04-14 19:00:00+00:00,10000.0,10000.0,10015.181082277839,8233.165837576262
2026-04-14 20:00:00+00:00,10000.0,10000.0,10015.181082277839,8219.756180133607
2026-04-14 21:00:00+00:00,10000.0,10000.0,10015.181082277839,8239.152430447302
2026-04-14 22:00:00+00:00,10000.0,10000.0,10015.181082277839,8210.977618714038
2026-04-14 23:00:00+00:00,10000.0,10000.0,10015.181082277839,8223.001829705716
2026-04-15 00:00:00+00:00,10000.0,10000.0,10015.181082277839,8271.454741175039
2026-04-15 01:00:00+00:00,10000.0,10000.0,10015.181082277839,8276.437467722511
2026-04-15 02:00:00+00:00,10000.0,10000.0,10015.181082277839,8244.127392282882
2026-04-15 03:00:00+00:00,10000.0,10000.0,10015.181082277839,8246.78625148464
2026-04-15 04:00:00+00:00,10000.0,10000.0,10015.181082277839,8246.166183777597
2026-04-15 05:00:00+00:00,10000.0,10000.0,10015.181082277839,8210.794593362227
2026-04-15 06:00:00+00:00,10000.0,10000.0,10015.181082277839,8196.387725063341
2026-04-15 07:00:00+00:00,10000.0,10000.0,10015.181082277839,8178.507812058281
2026-04-15 08:00:00+00:00,10000.0,10000.0,10015.181082277839,8220.66797915899
2026-04-15 09:00:00+00:00,10000.0,10000.0,10015.181082277839,8209.706424452372
2026-04-15 10:00:00+00:00,10000.0,10000.0,10015.181082277839,8193.40718494022
2026-04-15 11:00:00+00:00,10000.0,10000.0,10015.181082277839,8230.792054225507
2026-04-15 12:00:00+00:00,10000.0,10000.0,10015.181082277839,8238.77750578723
2026-04-15 13:00:00+00:00,10000.0,10000.0,10015.181082277839,8215.500008770592
2026-04-15 14:00:00+00:00,10000.0,10000.0,10015.181082277839,8225.249159177034
2026-04-15 15:00:00+00:00,10000.0,10000.0,10015.181082277839,8191.114376442082
2026-04-15 16:00:00+00:00,10000.0,10000.0,10015.181082277839,8201.875157883987
2026-04-15 17:00:00+00:00,10000.0,10000.0,10015.181082277839,8223.378972854898
2026-04-15 18:00:00+00:00,10000.0,10000.0,10015.181082277839,8251.702423358724
2026-04-15 19:00:00+00:00,10000.0,10000.0,10015.181082277839,8319.622576793356
2026-04-15 20:00:00+00:00,10000.0,10000.0,10015.181082277839,8301.772613391318
2026-04-15 21:00:00+00:00,10000.0,10000.0,10015.181082277839,8290.837680554054
2026-04-15 22:00:00+00:00,10000.0,10000.0,10015.181082277839,8315.340892805543
2026-04-15 23:00:00+00:00,10000.0,10000.0,10015.181082277839,8298.257417391998
2026-04-16 00:00:00+00:00,10000.0,10000.0,10015.181082277839,8298.824241360333
2026-04-16 01:00:00+00:00,10000.0,10000.0,10015.181082277839,8281.360295063932
2026-04-16 02:00:00+00:00,10000.0,10000.0,10015.181082277839,8306.826331590404
2026-04-16 03:00:00+00:00,10000.0,10000.0,10015.181082277839,8306.933928312377
2026-04-16 04:00:00+00:00,10000.0,10000.0,10015.181082277839,8313.139042361032
2026-04-16 05:00:00+00:00,10000.0,10000.0,10015.181082277839,8324.15716854003
2026-04-16 06:00:00+00:00,10000.0,10000.0,10015.181082277839,8324.326882957164
2026-04-16 07:00:00+00:00,10000.0,10000.0,10015.181082277839,8286.836635439016
2026-04-16 08:00:00+00:00,10000.0,10000.0,10015.181082277839,8283.6065152907
2026-04-16 09:00:00+00:00,10000.0,10000.0,10015.181082277839,8274.301062706827
2026-04-16 10:00:00+00:00,10000.0,10000.0,10015.181082277839,8243.129072182091
2026-04-16 11:00:00+00:00,10000.0,10000.0,10015.181082277839,8272.167985424816
2026-04-16 12:00:00+00:00,10000.0,10000.0,10015.181082277839,8277.626577886998
2026-04-16 13:00:00+00:00,10000.0,10000.0,10015.181082277839,8184.897060703303
2026-04-16 14:00:00+00:00,10000.0,10000.0,10015.181082277839,8205.451362333912
2026-04-16 15:00:00+00:00,10000.0,10000.0,10015.181082277839,8285.745138795495
2026-04-16 16:00:00+00:00,10000.0,10000.0,10015.181082277839,8227.88472424311
2026-04-16 17:00:00+00:00,10000.0,10000.0,10015.181082277839,8246.484536965288
2026-04-16 18:00:00+00:00,10000.0,10000.0,10015.181082277839,8322.296965418904
2026-04-16 19:00:00+00:00,10000.0,10000.0,10015.181082277839,8357.380152249601
2026-04-16 20:00:00+00:00,10000.0,10000.0,10015.181082277839,8344.122461311175
2026-04-16 21:00:00+00:00,10000.0,10000.0,10015.181082277839,8312.039781005615
2026-04-16 22:00:00+00:00,10000.0,10000.0,10015.181082277839,8304.683271107384
2026-04-16 23:00:00+00:00,10000.0,10000.0,10015.181082277839,8336.448707469806
2026-04-17 00:00:00+00:00,10000.0,10000.0,10015.181082277839,8313.231109659217
2026-04-17 01:00:00+00:00,10000.0,10000.0,10015.181082277839,8291.603059297988
2026-04-17 02:00:00+00:00,10000.0,10000.0,10015.181082277839,8286.056836515849
2026-04-17 03:00:00+00:00,10000.0,10000.0,10015.181082277839,8276.71921583984
2026-04-17 04:00:00+00:00,10000.0,10000.0,10015.181082277839,8296.194222517042
2026-04-17 05:00:00+00:00,10000.0,10000.0,10015.181082277839,8279.154007641197
2026-04-17 06:00:00+00:00,10000.0,10000.0,10015.181082277839,8312.514537675765
2026-04-17 07:00:00+00:00,10000.0,10000.0,10015.181082277839,8327.627994757093
2026-04-17 08:00:00+00:00,10000.0,10000.0,10015.181082277839,8405.897399903195
2026-04-17 09:00:00+00:00,10000.0,10000.0,10015.181082277839,8405.854139365494
2026-04-17 10:00:00+00:00,10000.0,10000.0,10015.181082277839,8350.25658370822
2026-04-17 11:00:00+00:00,10000.0,10000.0,10015.181082277839,8384.74632470123
2026-04-17 12:00:00+00:00,10000.0,10000.0,10015.181082277839,8456.109573239013
2026-04-17 13:00:00+00:00,10000.0,10000.0,10015.181082277839,8578.910710347465
2026-04-17 14:00:00+00:00,10000.0,10000.0,10015.181082277839,8639.547564024591
2026-04-17 15:00:00+00:00,10000.0,10000.0,10015.181082277839,8628.26100066294
2026-04-17 16:00:00+00:00,10000.0,10000.0,10015.181082277839,8636.260872403896
2026-04-17 17:00:00+00:00,10000.0,10000.0,10015.181082277839,8598.929246857319
2026-04-17 18:00:00+00:00,10000.0,10000.0,10015.181082277839,8558.918795706968
2026-04-17 19:00:00+00:00,10000.0,10000.0,10015.181082277839,8584.840731746131
2026-04-17 20:00:00+00:00,10000.0,10000.0,10015.181082277839,8578.635617697473
2026-04-17 21:00:00+00:00,10000.0,10000.0,10015.181082277839,8590.625442107901
2026-04-17 22:00:00+00:00,10000.0,10000.0,10015.181082277839,8574.599076756633
2026-04-17 23:00:00+00:00,10000.0,10000.0,10015.181082277839,8549.169645300524
2026-04-18 00:00:00+00:00,10000.0,10000.0,10015.181082277839,8559.818393042231
2026-04-18 01:00:00+00:00,10000.0,10000.0,10015.181082277839,8565.372380536266
2026-04-18 02:00:00+00:00,10000.0,10000.0,10015.181082277839,8573.63070625887
2026-04-18 03:00:00+00:00,10000.0,10000.0,10015.181082277839,8541.789841266609
2026-04-18 04:00:00+00:00,10000.0,10000.0,10015.181082277839,8552.357614155699
2026-04-18 05:00:00+00:00,10000.0,10000.0,10015.181082277839,8556.1201716911
2026-04-18 06:00:00+00:00,10000.0,10000.0,10015.181082277839,8556.269919706217
2026-04-18 07:00:00+00:00,10000.0,10000.0,10015.181082277839,8540.93905069183
2026-04-18 08:00:00+00:00,10000.0,10000.0,10015.181082277839,8512.19075952289
2026-04-18 09:00:00+00:00,10000.0,10000.0,10015.181082277839,8496.80110054701
2026-04-18 10:00:00+00:00,10000.0,10000.0,10015.181082277839,8451.285468663107
2026-04-18 11:00:00+00:00,10000.0,10000.0,10015.181082277839,8434.590228844312
2026-04-18 12:00:00+00:00,10000.0,10000.0,10015.181082277839,8453.216663435847
2026-04-18 13:00:00+00:00,10000.0,10000.0,10015.181082277839,8443.887916716289
2026-04-18 14:00:00+00:00,10000.0,10000.0,10015.181082277839,8457.988633517602
2026-04-18 15:00:00+00:00,10000.0,10000.0,10015.181082277839,8448.820727258724
2026-04-18 16:00:00+00:00,10000.0,10000.0,10015.181082277839,8423.9747584393
2026-04-18 17:00:00+00:00,10000.0,10000.0,10015.181082277839,8411.23619395328
2026-04-18 18:00:00+00:00,10000.0,10000.0,10015.181082277839,8391.632514907533
2026-04-18 19:00:00+00:00,10000.0,10000.0,10015.181082277839,8391.418430708143
2026-04-18 20:00:00+00:00,10000.0,10000.0,10015.181082277839,8403.05773383874
2026-04-18 21:00:00+00:00,10000.0,10000.0,10015.181082277839,8410.440865606324
2026-04-18 22:00:00+00:00,10000.0,10000.0,10015.181082277839,8409.574545607753
2026-04-18 23:00:00+00:00,10000.0,10000.0,10015.181082277839,8396.06727464413
2026-04-19 00:00:00+00:00,10000.0,10000.0,10015.181082277839,8396.205930213684
2026-04-19 01:00:00+00:00,10000.0,10000.0,10015.181082277839,8388.323638395708
2026-04-19 02:00:00+00:00,10000.0,10000.0,10015.181082277839,8374.3527032075
2026-04-19 03:00:00+00:00,10000.0,10000.0,10015.181082277839,8376.545679695559
2026-04-19 04:00:00+00:00,10000.0,10000.0,10015.181082277839,8393.056784917986
2026-04-19 05:00:00+00:00,10000.0,10000.0,10015.181082277839,8379.854556207383
2026-04-19 06:00:00+00:00,10000.0,10000.0,10015.181082277839,8363.7139386668
2026-04-19 07:00:00+00:00,10000.0,10000.0,10015.181082277839,8347.32485034558
2026-04-19 08:00:00+00:00,10000.0,10000.0,10015.181082277839,8347.908312982261
2026-04-19 09:00:00+00:00,10000.0,10000.0,10015.181082277839,8320.998040043323
2026-04-19 10:00:00+00:00,10000.0,10000.0,10015.181082277839,8344.009318366416
2026-04-19 11:00:00+00:00,10000.0,10000.0,10015.181082277839,8386.344746107041
2026-04-19 12:00:00+00:00,10000.0,10000.0,10015.181082277839,8382.738592054095
2026-04-19 13:00:00+00:00,10000.0,10000.0,10015.181082277839,8421.578790197414
2026-04-19 14:00:00+00:00,10000.0,10000.0,10015.181082277839,8432.921925031444
2026-04-19 15:00:00+00:00,10000.0,10000.0,10015.181082277839,8413.246145089528
2026-04-19 16:00:00+00:00,10000.0,10000.0,10015.181082277839,8361.802710296075
2026-04-19 17:00:00+00:00,10000.0,10000.0,10015.181082277839,8296.179802337805
2026-04-19 18:00:00+00:00,10000.0,10000.0,10015.181082277839,8293.833750100961
2026-04-19 19:00:00+00:00,10000.0,10000.0,10015.181082277839,8315.503951755334
2026-04-19 20:00:00+00:00,10000.0,10000.0,10015.181082277839,8278.29212462085
2026-04-19 21:00:00+00:00,10000.0,10000.0,10015.181082277839,8255.569249882425
2026-04-19 22:00:00+00:00,10000.0,10000.0,10015.181082277839,8213.660881296026
2026-04-19 23:00:00+00:00,10000.0,10000.0,10015.181082277839,8186.423381212941
2026-04-20 00:00:00+00:00,10000.0,10000.0,10015.181082277839,8239.469674390431
2026-04-20 01:00:00+00:00,10000.0,10000.0,10015.181082277839,8274.424188852585
2026-04-20 02:00:00+00:00,10000.0,10000.0,10015.181082277839,8253.889853623992
2026-04-20 03:00:00+00:00,10000.0,10000.0,10015.181082277839,8278.73582244342
2026-04-20 04:00:00+00:00,10000.0,10000.0,10015.181082277839,8271.374875566964
2026-04-20 05:00:00+00:00,10000.0,10000.0,10015.181082277839,8237.710412523935
2026-04-20 06:00:00+00:00,10000.0,10000.0,10015.181082277839,8295.66178512995
2026-04-20 07:00:00+00:00,10000.0,10000.0,10015.181082277839,8301.272344096364
2026-04-20 08:00:00+00:00,10000.0,10000.0,10014.57688692288,8289.263662528476
2026-04-20 09:00:00+00:00,10000.0,10000.0,10015.401275113256,8326.296901289375
2026-04-20 10:00:00+00:00,10000.0,10000.0,10015.313974387347,8322.357973869499
2026-04-20 11:00:00+00:00,10000.0,10000.0,10015.72091934264,8340.710425055597
2026-04-20 12:00:00+00:00,10000.0,10000.0,10015.959453992764,8351.491172899518
2026-04-20 13:00:00+00:00,10000.0,10000.0,10015.909155310314,8349.215003069728
2026-04-20 14:00:00+00:00,10000.0,10000.0,10015.333973758065,8323.193235020486
2026-04-20 15:00:00+00:00,10000.0,10000.0,10017.011223826497,8398.84149527975
2026-04-20 16:00:00+00:00,10000.0,10000.0,10016.662550313928,8356.90872331311
2026-04-20 17:00:00+00:00,10000.0,10000.0,10016.662550313928,8418.95986379968
2026-04-20 18:00:00+00:00,10000.0,10000.0,10016.662550313928,8477.256211462744
2026-04-20 19:00:00+00:00,10000.0,10000.0,10016.662550313928,8463.198755199135
2026-04-20 20:00:00+00:00,10000.0,10000.0,10016.662550313928,8460.89263576632
2026-04-20 21:00:00+00:00,10000.0,10000.0,10016.662550313928,8425.234860255392
2026-04-20 22:00:00+00:00,10000.0,10000.0,10016.662550313928,8427.401214874097
2026-04-20 23:00:00+00:00,10000.0,10000.0,10016.662550313928,8412.618312670582
2026-04-21 00:00:00+00:00,10000.0,10000.0,10016.662550313928,8440.513594775628
2026-04-21 01:00:00+00:00,10000.0,10000.0,10016.662550313928,8422.22658901836
2026-04-21 02:00:00+00:00,10000.0,10000.0,10016.662550313928,8383.817887007492
2026-04-21 03:00:00+00:00,10000.0,10000.0,10016.662550313928,8398.123814051742
2026-04-21 04:00:00+00:00,10000.0,10000.0,10016.662550313928,8409.605604455326
2026-04-21 05:00:00+00:00,10000.0,10000.0,10016.662550313928,8408.295586634185
2026-04-21 06:00:00+00:00,10000.0,10000.0,10016.662550313928,8427.386794694865
2026-04-21 07:00:00+00:00,10000.0,10000.0,10016.662550313928,8439.613997440367
2026-04-21 08:00:00+00:00,10000.0,10000.0,10016.662550313928,8486.520621998032
2026-04-21 09:00:00+00:00,10000.0,10000.0,10016.662550313928,8470.498693624988
2026-04-21 10:00:00+00:00,10000.0,10000.0,10016.662550313928,8513.053751787784
2026-04-21 11:00:00+00:00,10000.0,10000.0,10016.662550313928,8480.500751790298
2026-04-21 12:00:00+00:00,10000.0,10000.0,10016.662550313928,8431.307974201836
2026-04-21 13:00:00+00:00,10000.0,10000.0,10016.662550313928,8419.163964798065
2026-04-21 14:00:00+00:00,10000.0,10000.0,10016.662550313928,8394.213726990334
2026-04-21 15:00:00+00:00,10000.0,10000.0,10016.662550313928,8411.917270110922
2026-04-21 16:00:00+00:00,10000.0,10000.0,10016.662550313928,8405.986139467703
2026-04-21 17:00:00+00:00,10000.0,10000.0,10016.662550313928,8379.856774696489
2026-04-21 18:00:00+00:00,10000.0,10000.0,10016.662550313928,8387.021385286458
2026-04-21 19:00:00+00:00,10000.0,10000.0,10016.662550313928,8321.933133204384
2026-04-21 20:00:00+00:00,10000.0,10000.0,10016.662550313928,8396.816014719714
2026-04-21 21:00:00+00:00,10000.0,10000.0,10016.662550313928,8380.341514567648
2026-04-21 22:00:00+00:00,10000.0,10000.0,10016.662550313928,8391.439506354709
2026-04-21 23:00:00+00:00,10000.0,10000.0,10016.662550313928,8467.545884615778
2026-04-22 00:00:00+00:00,10000.0,10000.0,10016.662550313928,8471.350593444327
2026-04-22 01:00:00+00:00,10000.0,10000.0,10016.662550313928,8463.313007388451
2026-04-22 02:00:00+00:00,10000.0,10000.0,10016.662550313928,8608.260212065989
2026-04-22 03:00:00+00:00,10000.0,10000.0,10016.662550313928,8599.027969622837
2026-04-22 04:00:00+00:00,10000.0,10000.0,10016.662550313928,8599.196574795416
2026-04-22 05:00:00+00:00,10000.0,10000.0,10016.662550313928,8651.545153146912
2026-04-22 06:00:00+00:00,10000.0,10000.0,10016.662550313928,8653.296650301512
2026-04-22 07:00:00+00:00,10000.0,10000.0,10016.662550313928,8653.526263924692
2026-04-22 08:00:00+00:00,10000.0,10000.0,10016.662550313928,8653.31883519264
2026-04-22 09:00:00+00:00,10000.0,10000.0,10016.662550313928,8652.323842825524
2026-04-22 10:00:00+00:00,10000.0,10000.0,10016.662550313928,8669.568158699753
2026-04-22 11:00:00+00:00,10000.0,10000.0,10016.662550313928,8685.384876829856
2026-04-22 12:00:00+00:00,10000.0,10000.0,10016.662550313928,8678.2912578915
2026-04-22 13:00:00+00:00,10000.0,10000.0,10016.662550313928,8745.38835186526
2026-04-22 14:00:00+00:00,10000.0,10000.0,10016.662550313928,8768.106789625459
2026-04-22 15:00:00+00:00,10000.0,10000.0,10016.662550313928,8793.303279724714
2026-04-22 16:00:00+00:00,10000.0,10000.0,10016.662550313928,8734.589856108434
2026-04-22 17:00:00+00:00,10000.0,10000.0,10016.662550313928,8751.939550215522
2026-04-22 18:00:00+00:00,10000.0,10000.0,10016.662550313928,8765.515594341641
2026-04-22 19:00:00+00:00,10000.0,10000.0,10016.662550313928,8746.01840277331
2026-04-22 20:00:00+00:00,10000.0,10000.0,10016.662550313928,8700.54603142711
2026-04-22 21:00:00+00:00,10000.0,10000.0,10016.662550313928,8736.708513211213
2026-04-22 22:00:00+00:00,10000.0,10000.0,10016.662550313928,8719.544062945048
2026-04-22 23:00:00+00:00,10000.0,10000.0,10016.662550313928,8671.877605866233
2026-04-23 00:00:00+00:00,10000.0,10000.0,10016.662550313928,8699.171677421695
2026-04-23 01:00:00+00:00,10000.0,10000.0,10016.662550313928,8691.954932337576
2026-04-23 02:00:00+00:00,10000.0,10000.0,10016.662550313928,8645.443198842004
2026-04-23 03:00:00+00:00,10000.0,10000.0,10016.662550313928,8623.983753653352
2026-04-23 04:00:00+00:00,10000.0,10000.0,10016.662550313928,8643.243566886607
2026-04-23 05:00:00+00:00,10000.0,10000.0,10016.662550313928,8655.864551449642
2026-04-23 06:00:00+00:00,10000.0,10000.0,10016.662550313928,8675.560297793574
2026-04-23 07:00:00+00:00,10000.0,10000.0,10016.662550313928,8657.500687170374
2026-04-23 08:00:00+00:00,10000.0,10000.0,10016.662550313928,8636.395090995222
2026-04-23 09:00:00+00:00,10000.0,10000.0,10016.662550313928,8613.87631725518
2026-04-23 10:00:00+00:00,10000.0,10000.0,10016.662550313928,8585.955522525339
2026-04-23 11:00:00+00:00,10000.0,10000.0,10016.662550313928,8619.34267442926
2026-04-23 12:00:00+00:00,10000.0,10000.0,10016.662550313928,8637.746150864954
2026-04-23 13:00:00+00:00,10000.0,10000.0,10016.662550313928,8600.220407521
2026-04-23 14:00:00+00:00,10000.0,10000.0,10016.662550313928,8672.15935398357
2026-04-23 15:00:00+00:00,10000.0,10000.0,10016.662550313928,8693.899438044997
2026-04-23 16:00:00+00:00,10000.0,10000.0,10016.662550313928,8663.612624676294
2026-04-23 17:00:00+00:00,10000.0,10000.0,10016.662550313928,8626.507285019226
2026-04-23 18:00:00+00:00,10000.0,10000.0,10016.662550313928,8616.461966316216
2026-04-23 19:00:00+00:00,10000.0,10000.0,10016.662550313928,8621.854004105011
2026-04-23 20:00:00+00:00,10000.0,10000.0,10016.662550313928,8639.569748915721
2026-04-23 21:00:00+00:00,10000.0,10000.0,10016.662550313928,8637.113881467789
2026-04-23 22:00:00+00:00,10000.0,10000.0,10016.662550313928,8678.20806454977
2026-04-23 23:00:00+00:00,10000.0,10000.0,10016.662550313928,8680.668368975927
2026-04-24 00:00:00+00:00,10000.0,10000.0,10016.662550313928,8698.387441520306
2026-04-24 01:00:00+00:00,10000.0,10000.0,10016.662550313928,8699.775106460396
2026-04-24 02:00:00+00:00,10000.0,10000.0,10016.662550313928,8666.045197988538
2026-04-24 03:00:00+00:00,10000.0,10000.0,10016.662550313928,8623.02869409027
2026-04-24 04:00:00+00:00,10000.0,10000.0,10016.662550313928,8615.502469774907
2026-04-24 05:00:00+00:00,10000.0,10000.0,10016.662550313928,8646.947334460521
2026-04-24 06:00:00+00:00,10000.0,10000.0,10016.662550313928,8628.78567333813
2026-04-24 07:00:00+00:00,10000.0,10000.0,10016.662550313928,8612.68498860158
2026-04-24 08:00:00+00:00,10000.0,10000.0,10016.662550313928,8628.337538537335
2026-04-24 09:00:00+00:00,10000.0,10000.0,10016.662550313928,8599.716810492386
2026-04-24 10:00:00+00:00,10000.0,10000.0,10016.662550313928,8624.638207941649
2026-04-24 11:00:00+00:00,10000.0,10000.0,10016.662550313928,8678.758249849761
2026-04-24 12:00:00+00:00,10000.0,10000.0,10016.662550313928,8682.684975579517
2026-04-24 13:00:00+00:00,10000.0,10000.0,10016.662550313928,8662.511144831764
2026-04-24 14:00:00+00:00,10000.0,10000.0,10016.662550313928,8656.282736647421
2026-04-24 15:00:00+00:00,10000.0,10000.0,10016.662550313928,8656.391442613949
2026-04-24 16:00:00+00:00,10000.0,10000.0,10016.662550313928,8627.402445376265
2026-04-24 17:00:00+00:00,10000.0,10000.0,10016.662550313928,8616.801395150485
2026-04-24 18:00:00+00:00,10000.0,10000.0,10016.662550313928,8609.761019950838
2026-04-24 19:00:00+00:00,10000.0,10000.0,10016.662550313928,8610.937928425208
2026-04-24 20:00:00+00:00,10000.0,10000.0,10016.662550313928,8620.861230227008
2026-04-24 21:00:00+00:00,10000.0,10000.0,10016.662550313928,8600.691836457483
2026-04-24 22:00:00+00:00,10000.0,10000.0,10016.662550313928,8577.66724719971
2026-04-24 23:00:00+00:00,10000.0,10000.0,10016.662550313928,8589.671491789373
2026-04-25 00:00:00+00:00,10000.0,10000.0,10016.662550313928,8591.862249788317
2026-04-25 01:00:00+00:00,10000.0,10000.0,10016.662550313928,8601.263097404044
2026-04-25 02:00:00+00:00,10000.0,10000.0,10016.662550313928,8608.602968633928
2026-04-25 03:00:00+00:00,10000.0,10000.0,10016.662550313928,8616.508554587588
2026-04-25 04:00:00+00:00,10000.0,10000.0,10016.662550313928,8609.850868759908
2026-04-25 05:00:00+00:00,10000.0,10000.0,10016.662550313928,8597.785615719642
2026-04-25 06:00:00+00:00,10000.0,10000.0,10016.662550313928,8597.047968089619
2026-04-25 07:00:00+00:00,10000.0,10000.0,10016.662550313928,8596.77731241785
2026-04-25 08:00:00+00:00,10000.0,10000.0,10016.662550313928,8612.548551521139
2026-04-25 09:00:00+00:00,10000.0,10000.0,10016.662550313928,8620.444154273793
2026-04-25 10:00:00+00:00,10000.0,10000.0,10016.662550313928,8628.566042915958
2026-04-25 11:00:00+00:00,10000.0,10000.0,10016.662550313928,8616.866840579312
2026-04-25 12:00:00+00:00,10000.0,10000.0,10016.662550313928,8602.983535711062
2026-04-25 13:00:00+00:00,10000.0,10000.0,10016.662550313928,8617.908421217799
2026-04-25 14:00:00+00:00,10000.0,10000.0,10016.662550313928,8614.03272073764
2026-04-25 15:00:00+00:00,10000.0,10000.0,10016.662550313928,8577.816995214827
2026-04-25 16:00:00+00:00,10000.0,10000.0,10016.662550313928,8585.25004298745
2026-04-25 17:00:00+00:00,10000.0,10000.0,10016.662550313928,8568.44498795757
2026-04-25 18:00:00+00:00,10000.0,10000.0,10016.662550313928,8575.902439110432
2026-04-25 19:00:00+00:00,10000.0,10000.0,10016.662550313928,8577.789264100915
2026-04-25 20:00:00+00:00,10000.0,10000.0,10016.662550313928,8594.330318926368
2026-04-25 21:00:00+00:00,10000.0,10000.0,10016.662550313928,8599.511600249441
2026-04-25 22:00:00+00:00,10000.0,10000.0,10016.662550313928,8602.969115531827
2026-04-25 23:00:00+00:00,10000.0,10000.0,10016.662550313928,8610.51086927098
2026-04-26 00:00:00+00:00,10000.0,10000.0,10016.662550313928,8596.911531009177
2026-04-26 01:00:00+00:00,10000.0,10000.0,10016.662550313928,8592.337006458469
2026-04-26 02:00:00+00:00,10000.0,10000.0,10016.662550313928,8598.050725168627
2026-04-26 03:00:00+00:00,10000.0,10000.0,10016.662550313928,8585.57616088704
2026-04-26 04:00:00+00:00,10000.0,10000.0,10016.662550313928,8627.070781253891
2026-04-26 05:00:00+00:00,10000.0,10000.0,10016.662550313928,8650.256210972346
2026-04-26 06:00:00+00:00,10000.0,10000.0,10016.662550313928,8652.001052659607
2026-04-26 07:00:00+00:00,10000.0,10000.0,10016.662550313928,8663.480624574078
2026-04-26 08:00:00+00:00,10000.0,10000.0,10016.662550313928,8655.722568146422
2026-04-26 09:00:00+00:00,10000.0,10000.0,10016.662550313928,8652.106430892469
2026-04-26 10:00:00+00:00,10000.0,10000.0,10016.662550313928,8652.377086564236
2026-04-26 11:00:00+00:00,10000.0,10000.0,10016.662550313928,8663.35971691743
2026-04-26 12:00:00+00:00,10000.0,10000.0,10016.662550313928,8633.592030001133
2026-04-26 13:00:00+00:00,10000.0,10000.0,10016.662550313928,8649.643907977197
2026-04-26 14:00:00+00:00,10000.0,10000.0,10016.662550313928,8662.718573563814
2026-04-26 15:00:00+00:00,10000.0,10000.0,10016.662550313928,8657.54283846352
2026-04-26 16:00:00+00:00,10000.0,10000.0,10016.662550313928,8643.170356745884
2026-04-26 17:00:00+00:00,10000.0,10000.0,10016.662550313928,8654.167407278312
2026-04-26 18:00:00+00:00,10000.0,10000.0,10016.662550313928,8683.605648561348
2026-04-26 19:00:00+00:00,10000.0,10000.0,10016.662550313928,8676.63959274698
2026-04-26 20:00:00+00:00,10000.0,10000.0,10016.662550313928,8673.651287911964
2026-04-26 21:00:00+00:00,10000.0,10000.0,10016.662550313928,8698.408517166876
2026-04-26 22:00:00+00:00,10000.0,10000.0,10016.662550313928,8686.884575470147
2026-04-26 23:00:00+00:00,10000.0,10000.0,10016.662550313928,8725.045915944933
2026-04-27 00:00:00+00:00,10000.0,10000.0,10016.662550313928,8797.263282791164
2026-04-27 01:00:00+00:00,10000.0,10000.0,10016.662550313928,8794.496826867433
2026-04-27 02:00:00+00:00,10000.0,10000.0,10016.662550313928,8777.45328425792
2026-04-27 03:00:00+00:00,10000.0,10000.0,10016.662550313928,8774.733416605559
2026-04-27 04:00:00+00:00,10000.0,10000.0,10016.662550313928,8754.626140531193
2026-04-27 05:00:00+00:00,10000.0,10000.0,10016.662550313928,8628.31868137987
2026-04-27 06:00:00+00:00,10000.0,10000.0,10016.662550313928,8618.843514378863
2026-04-27 07:00:00+00:00,10000.0,10000.0,10016.662550313928,8608.469859287152
2026-04-27 08:00:00+00:00,10000.0,10000.0,10016.662550313928,8630.404061145955
2026-04-27 09:00:00+00:00,10000.0,10000.0,10016.662550313928,8641.016203817298
2026-04-27 10:00:00+00:00,10000.0,10000.0,10016.662550313928,8635.46998103516
2026-04-27 11:00:00+00:00,10000.0,10000.0,10016.662550313928,8634.832165415213
2026-04-27 12:00:00+00:00,10000.0,10000.0,10016.662550313928,8615.209629212006
2026-04-27 13:00:00+00:00,10000.0,10000.0,10016.662550313928,8624.014812500931
2026-04-27 14:00:00+00:00,10000.0,10000.0,10016.662550313928,8631.614246957017
2026-04-27 15:00:00+00:00,10000.0,10000.0,10016.662550313928,8518.231705377191
2026-04-27 16:00:00+00:00,10000.0,10000.0,10016.662550313928,8498.875387867525
2026-04-27 17:00:00+00:00,10000.0,10000.0,10016.662550313928,8512.7021212634
2026-04-27 18:00:00+00:00,10000.0,10000.0,10016.662550313928,8522.776280324877
2026-04-27 19:00:00+00:00,10000.0,10000.0,10016.662550313928,8527.658065617716
2026-04-27 20:00:00+00:00,10000.0,10000.0,10016.662550313928,8536.793803784454
2026-04-27 21:00:00+00:00,10000.0,10000.0,10016.662550313928,8517.535099795756
2026-04-27 22:00:00+00:00,10000.0,10000.0,10016.662550313928,8548.550686838033
2026-04-27 23:00:00+00:00,10000.0,10000.0,10016.662550313928,8582.371553363519
2026-04-28 00:00:00+00:00,10000.0,10000.0,10016.662550313928,8583.292226345351
2026-04-28 01:00:00+00:00,10000.0,10000.0,10016.662550313928,8550.576167398069
2026-04-28 02:00:00+00:00,10000.0,10000.0,10016.662550313928,8529.08455411728
2026-04-28 03:00:00+00:00,10000.0,10000.0,10016.662550313928,8520.68202660234
2026-04-28 04:00:00+00:00,10000.0,10000.0,10016.662550313928,8528.768419418699
2026-04-28 05:00:00+00:00,10000.0,10000.0,10016.662550313928,8528.535478061849
2026-04-28 06:00:00+00:00,10000.0,10000.0,10016.662550313928,8510.12423691426
2026-04-28 07:00:00+00:00,10000.0,10000.0,10016.662550313928,8527.792284209041
2026-04-28 08:00:00+00:00,10000.0,10000.0,10016.662550313928,8525.497257221792
2026-04-28 09:00:00+00:00,10000.0,10000.0,10016.662550313928,8496.591453325838
2026-04-28 10:00:00+00:00,10000.0,10000.0,10016.662550313928,8498.84876599817
2026-04-28 11:00:00+00:00,10000.0,10000.0,10016.662550313928,8455.660329193652
2026-04-28 12:00:00+00:00,10000.0,10000.0,10016.662550313928,8471.528072573352
2026-04-28 13:00:00+00:00,10000.0,10000.0,10016.662550313928,8451.31652751068
2026-04-28 14:00:00+00:00,10000.0,10000.0,10016.662550313928,8424.71129682476
2026-04-28 15:00:00+00:00,10000.0,10000.0,10016.662550313928,8437.621794217022
2026-04-28 16:00:00+00:00,10000.0,10000.0,10016.662550313928,8444.128622785025
2026-04-28 17:00:00+00:00,10000.0,10000.0,10016.662550313928,8451.034779393345
2026-04-28 18:00:00+00:00,10000.0,10000.0,10016.662550313928,8457.122313519021
2026-04-28 19:00:00+00:00,10000.0,10000.0,10016.662550313928,8466.971295935544
2026-04-28 20:00:00+00:00,10000.0,10000.0,10016.662550313928,8481.72203004692
2026-04-28 21:00:00+00:00,10000.0,10000.0,10016.662550313928,8469.87529818427
2026-04-28 22:00:00+00:00,10000.0,10000.0,10016.662550313928,8457.121204274465
2026-04-28 23:00:00+00:00,10000.0,10000.0,10016.662550313928,8468.28020451213
2026-04-29 00:00:00+00:00,10000.0,10000.0,10016.662550313928,8487.051950140558
2026-04-29 01:00:00+00:00,10000.0,10000.0,10016.662550313928,8493.59649302348
2026-04-29 02:00:00+00:00,10000.0,10000.0,10016.662550313928,8489.191682889905
2026-04-29 03:00:00+00:00,10000.0,10000.0,10016.662550313928,8540.604058835777
2026-04-29 04:00:00+00:00,10000.0,10000.0,10016.662550313928,8571.106065648428
2026-04-29 05:00:00+00:00,10000.0,10000.0,10016.662550313928,8573.171479012499
2026-04-29 06:00:00+00:00,10000.0,10000.0,10016.662550313928,8544.628398086497
2026-04-29 07:00:00+00:00,10000.0,10000.0,10016.662550313928,8547.13307229491
2026-04-29 08:00:00+00:00,10000.0,10000.0,10016.662550313928,8546.321105279607
2026-04-29 09:00:00+00:00,10000.0,10000.0,10016.662550313928,8612.396585016899
2026-04-29 10:00:00+00:00,10000.0,10000.0,10016.662550313928,8609.912986455056
2026-04-29 11:00:00+00:00,10000.0,10000.0,10016.662550313928,8606.631841057142
2026-04-29 12:00:00+00:00,10000.0,10000.0,10016.662550313928,8557.120710280988
2026-04-29 13:00:00+00:00,10000.0,10000.0,10016.662550313928,8517.160175135676
2026-04-29 14:00:00+00:00,10000.0,10000.0,10016.662550313928,8493.485568567838
2026-04-29 15:00:00+00:00,10000.0,10000.0,10016.662550313928,8421.85610133651
2026-04-29 16:00:00+00:00,10000.0,10000.0,10016.662550313928,8408.46641029587
2026-04-29 17:00:00+00:00,10000.0,10000.0,10016.662550313928,8450.66983793428
2026-04-29 18:00:00+00:00,10000.0,10000.0,10016.662550313928,8376.339360208054
2026-04-29 19:00:00+00:00,10000.0,10000.0,10016.662550313928,8381.88003676741
2026-04-29 20:00:00+00:00,10000.0,10000.0,10016.662550313928,8394.406735543149
2026-04-29 21:00:00+00:00,10000.0,10000.0,10016.662550313928,8422.929850067134
2026-04-29 22:00:00+00:00,10000.0,10000.0,10016.662550313928,8422.203294882675
2026-04-29 23:00:00+00:00,10000.0,10000.0,10016.662550313928,8405.855248610042
2026-04-30 00:00:00+00:00,10000.0,10000.0,10016.662550313928,8457.849977948039
2026-04-30 01:00:00+00:00,10000.0,10000.0,10016.662550313928,8456.081842125091
2026-04-30 02:00:00+00:00,10000.0,10000.0,10016.662550313928,8397.507074078365
2026-04-30 03:00:00+00:00,10000.0,10000.0,10016.662550313928,8422.283160490737
2026-04-30 04:00:00+00:00,10000.0,10000.0,10016.662550313928,8374.463627663134
2026-04-30 05:00:00+00:00,10000.0,10000.0,10016.662550313928,8385.898829795347
2026-04-30 06:00:00+00:00,10000.0,10000.0,10016.662550313928,8402.919078269177
2026-04-30 07:00:00+00:00,10000.0,10000.0,10016.662550313928,8448.191785595222
2026-04-30 08:00:00+00:00,10000.0,10000.0,10016.662550313928,8436.711104436194
2026-04-30 09:00:00+00:00,10000.0,10000.0,10016.662550313928,8441.039376695377
2026-04-30 10:00:00+00:00,10000.0,10000.0,10016.662550313928,8433.437723750176
2026-04-30 11:00:00+00:00,10000.0,10000.0,10016.662550313928,8436.850869250304
2026-04-30 12:00:00+00:00,10000.0,10000.0,10016.662550313928,8464.476604928137
2026-04-30 13:00:00+00:00,10000.0,10000.0,10016.662550313928,8476.895706981904
2026-04-30 14:00:00+00:00,10000.0,10000.0,10016.662550313928,8463.673511869285
2026-04-30 15:00:00+00:00,10000.0,10000.0,10016.662550313928,8482.792451043875
2026-04-30 16:00:00+00:00,10000.0,10000.0,10016.662550313928,8459.213239507888
2026-04-30 17:00:00+00:00,10000.0,10000.0,10016.662550313928,8457.990852006704
2026-04-30 18:00:00+00:00,10000.0,10000.0,10016.662550313928,8469.082188326427
2026-04-30 19:00:00+00:00,10000.0,10000.0,10016.662550313928,8476.048244140793
2026-04-30 20:00:00+00:00,10000.0,10000.0,10016.662550313928,8484.884486277298
2026-04-30 21:00:00+00:00,10000.0,10000.0,10016.662550313928,8457.077943736766
2026-04-30 22:00:00+00:00,10000.0,10000.0,10016.662550313928,8456.55438030613
2026-04-30 23:00:00+00:00,10000.0,10000.0,10016.662550313928,8468.701717443571
2026-05-01 00:00:00+00:00,10000.0,10000.0,10016.662550313928,8481.067575758629
2026-05-01 01:00:00+00:00,10000.0,10000.0,10016.662550313928,8506.367225601634
2026-05-01 02:00:00+00:00,10000.0,10000.0,10016.662550313928,8495.985805798025
2026-05-01 03:00:00+00:00,10000.0,10000.0,10016.662550313928,8555.723062139888
2026-05-01 04:00:00+00:00,10000.0,10000.0,10016.662550313928,8545.890718391713
2026-05-01 05:00:00+00:00,10000.0,10000.0,10016.662550313928,8559.59432564182
2026-05-01 06:00:00+00:00,10000.0,10000.0,10016.662550313928,8540.45985704344
2026-05-01 07:00:00+00:00,10000.0,10000.0,10016.662550313928,8555.663162933839
2026-05-01 08:00:00+00:00,10000.0,10000.0,10016.662550313928,8583.053738765711
2026-05-01 09:00:00+00:00,10000.0,10000.0,10016.662550313928,8570.971847057099
2026-05-01 10:00:00+00:00,10000.0,10000.0,10016.662550313928,8574.941833324556
2026-05-01 11:00:00+00:00,10000.0,10000.0,10016.662550313928,8592.64981342337
2026-05-01 12:00:00+00:00,10000.0,10000.0,10016.662550313928,8640.57250599472
2026-05-01 13:00:00+00:00,10000.0,10000.0,10016.662550313928,8733.886595059654
2026-05-01 14:00:00+00:00,10000.0,10000.0,10016.662550313928,8691.90168859886
2026-05-01 15:00:00+00:00,10000.0,10000.0,10016.662550313928,8701.567645663572
2026-05-01 16:00:00+00:00,10000.0,10000.0,10016.662550313928,8675.8853064486
2026-05-01 17:00:00+00:00,10000.0,10000.0,10016.662550313928,8713.442108640133
2026-05-01 18:00:00+00:00,10000.0,10000.0,10016.662550313928,8699.128416883987
2026-05-01 19:00:00+00:00,10000.0,10000.0,10016.662550313928,8692.040344168414
2026-05-01 20:00:00+00:00,10000.0,10000.0,10016.662550313928,8638.816571861893
2026-05-01 21:00:00+00:00,10000.0,10000.0,10016.662550313928,8674.291322021012
2026-05-01 22:00:00+00:00,10000.0,10000.0,10016.662550313928,8669.121133143502
2026-05-01 23:00:00+00:00,10000.0,10000.0,10016.662550313928,8677.745509569728
2026-05-02 00:00:00+00:00,10000.0,10000.0,10016.662550313928,8690.015972852934
2026-05-02 01:00:00+00:00,10000.0,10000.0,10016.662550313928,8691.4857218902
2026-05-02 02:00:00+00:00,10000.0,10000.0,10016.662550313928,8691.367032722661
2026-05-02 03:00:00+00:00,10000.0,10000.0,10016.662550313928,8696.477322394125
2026-05-02 04:00:00+00:00,10000.0,10000.0,10016.662550313928,8671.57478210232
2026-05-02 05:00:00+00:00,10000.0,10000.0,10016.662550313928,8671.408395418855
2026-05-02 06:00:00+00:00,10000.0,10000.0,10016.662550313928,8688.468576696716
2026-05-02 07:00:00+00:00,10000.0,10000.0,10016.662550313928,8676.510920378423
2026-05-02 08:00:00+00:00,10000.0,10000.0,10016.662550313928,8687.089785713075
2026-05-02 09:00:00+00:00,10000.0,10000.0,10016.662550313928,8684.671632580063
2026-05-02 10:00:00+00:00,10000.0,10000.0,10016.662550313928,8679.761006928757
2026-05-02 11:00:00+00:00,10000.0,10000.0,10016.662550313928,8667.97861125038
2026-05-02 12:00:00+00:00,10000.0,10000.0,10016.662550313928,8675.539222146994
2026-05-02 13:00:00+00:00,10000.0,10000.0,10016.662550313928,8692.823470825251
2026-05-02 14:00:00+00:00,10000.0,10000.0,10016.662550313928,8699.137290840437
2026-05-02 15:00:00+00:00,10000.0,10000.0,10016.662550313928,8706.202069420326
2026-05-02 16:00:00+00:00,10000.0,10000.0,10016.662550313928,8702.58038594359
2026-05-02 17:00:00+00:00,10000.0,10000.0,10016.662550313928,8696.25769197195
2026-05-02 18:00:00+00:00,10000.0,10000.0,10016.662550313928,8703.867109629044
2026-05-02 19:00:00+00:00,10000.0,10000.0,10016.662550313928,8706.016825579401
2026-05-02 20:00:00+00:00,10000.0,10000.0,10016.662550313928,8702.176620925049
2026-05-02 21:00:00+00:00,10000.0,10000.0,10016.662550313928,8731.948744819572
2026-05-02 22:00:00+00:00,10000.0,10000.0,10016.662550313928,8744.505393198335
2026-05-02 23:00:00+00:00,10000.0,10000.0,10016.662550313928,8728.296002495255
2026-05-03 00:00:00+00:00,10000.0,10000.0,10016.662550313928,8712.264090921204
2026-05-03 01:00:00+00:00,10000.0,10000.0,10016.662550313928,8678.82147678946
2026-05-03 02:00:00+00:00,10000.0,10000.0,10016.662550313928,8671.169907839223
2026-05-03 03:00:00+00:00,10000.0,10000.0,10016.662550313928,8674.634078588946
2026-05-03 04:00:00+00:00,10000.0,10000.0,10016.662550313928,8670.209302053356
2026-05-03 05:00:00+00:00,10000.0,10000.0,10016.662550313928,8679.774317863432
2026-05-03 06:00:00+00:00,10000.0,10000.0,10016.662550313928,8684.087060698825
2026-05-03 07:00:00+00:00,10000.0,10000.0,10016.662550313928,8692.400848649251
2026-05-03 08:00:00+00:00,10000.0,10000.0,10016.662550313928,8695.13069950262
2026-05-03 09:00:00+00:00,10000.0,10000.0,10016.662550313928,8710.84980411176
2026-05-03 10:00:00+00:00,10000.0,10000.0,10016.662550313928,8697.365827283822
2026-05-03 11:00:00+00:00,10000.0,10000.0,10016.662550313928,8724.875092283231
2026-05-03 12:00:00+00:00,10000.0,10000.0,10016.662550313928,8734.978091703177
2026-05-03 13:00:00+00:00,10000.0,10000.0,10016.662550313928,8726.42803466223
2026-05-03 14:00:00+00:00,10000.0,10000.0,10016.662550313928,8734.302561768314
2026-05-03 15:00:00+00:00,10000.0,10000.0,10016.662550313928,8726.245009310423
2026-05-03 16:00:00+00:00,10000.0,10000.0,10016.662550313928,8724.652134127391
2026-05-03 17:00:00+00:00,10000.0,10000.0,10016.662550313928,8732.612073064316
2026-05-03 18:00:00+00:00,10000.0,10000.0,10016.662550313928,8734.155032242308
2026-05-03 19:00:00+00:00,10000.0,10000.0,10016.662550313928,8736.44562225133
2026-05-03 20:00:00+00:00,10000.0,10000.0,10016.662550313928,8753.713232261242
2026-05-03 21:00:00+00:00,10000.0,10000.0,10016.662550313928,8744.35120820499
2026-05-03 22:00:00+00:00,10000.0,10000.0,10016.662550313928,8782.6977925207
2026-05-03 23:00:00+00:00,10000.0,10000.0,10016.662550313928,8715.175857881828
2026-05-04 00:00:00+00:00,10000.0,10000.0,10016.662550313928,8712.798746797402
2026-05-04 01:00:00+00:00,10000.0,10000.0,10016.662550313928,8848.380599685017
2026-05-04 02:00:00+00:00,10000.0,10000.0,10016.662550313928,8893.179659585468
2026-05-04 03:00:00+00:00,10000.0,10000.0,10016.662550313928,8909.042965986942
2026-05-04 04:00:00+00:00,10000.0,10000.0,10016.662550313928,8910.790026163317
2026-05-04 05:00:00+00:00,10000.0,10000.0,10016.662550313928,8876.980252083396
2026-05-04 06:00:00+00:00,10000.0,10000.0,10016.662550313928,8860.41257538859
2026-05-04 07:00:00+00:00,10000.0,10000.0,10016.662550313928,8840.3186102489
2026-05-04 08:00:00+00:00,10000.0,10000.0,10016.662550313928,8841.599787711575
2026-05-04 09:00:00+00:00,10000.0,10000.0,10016.662550313928,8856.03993334715
2026-05-04 10:00:00+00:00,10000.0,10000.0,10016.662550313928,8756.405368799693
2026-05-04 11:00:00+00:00,10000.0,10000.0,10016.662550313928,8740.144952847018
2026-05-04 12:00:00+00:00,10000.0,10000.0,10016.662550313928,8747.18976502489
2026-05-04 13:00:00+00:00,10000.0,10000.0,10016.662550313928,8739.737860094809
2026-05-04 14:00:00+00:00,10000.0,10000.0,10016.662550313928,8897.933881754316
2026-05-04 15:00:00+00:00,10000.0,10000.0,10016.662550313928,8877.156621967868
2026-05-04 16:00:00+00:00,10000.0,10000.0,10016.662550313928,8876.732890547311
2026-05-04 17:00:00+00:00,10000.0,10000.0,10016.662550313928,8917.306837932327
2026-05-04 18:00:00+00:00,10000.0,10000.0,10016.662550313928,8886.702780620484
2026-05-04 19:00:00+00:00,10000.0,10000.0,10016.662550313928,8879.869834152889
2026-05-04 20:00:00+00:00,10000.0,10000.0,10016.662550313928,8866.934933380386
2026-05-04 21:00:00+00:00,10000.0,10000.0,10016.662550313928,8902.704742591513
2026-05-04 22:00:00+00:00,10000.0,10000.0,10016.662550313928,8881.413902575438
2026-05-04 23:00:00+00:00,10000.0,10000.0,10016.662550313928,8858.539061332784
2026-05-05 00:00:00+00:00,10000.0,10000.0,10016.662550313928,8892.886819022571
2026-05-05 01:00:00+00:00,10000.0,10000.0,10016.662550313928,8913.001859808832
2026-05-05 02:00:00+00:00,10000.0,10000.0,10016.662550313928,8935.48402847851
2026-05-05 03:00:00+00:00,10000.0,10000.0,10016.662550313928,8973.020864268028
2026-05-05 04:00:00+00:00,10000.0,10000.0,10016.662550313928,8974.059117172843
2026-05-05 05:00:00+00:00,10000.0,10000.0,10016.662550313928,8981.553173396069
2026-05-05 06:00:00+00:00,10000.0,10000.0,10016.662550313928,8982.218720129926
2026-05-05 07:00:00+00:00,10000.0,10000.0,10016.662550313928,8968.862306425977
2026-05-05 08:00:00+00:00,10000.0,10000.0,10016.662550313928,8964.386504640792
2026-05-05 09:00:00+00:00,10000.0,10000.0,10016.662550313928,8938.960400918355
2026-05-05 10:00:00+00:00,10000.0,10000.0,10016.662550313928,8965.314942334522
2026-05-05 11:00:00+00:00,10000.0,10000.0,10016.662550313928,8986.439395667134
2026-05-05 12:00:00+00:00,10000.0,10000.0,10016.662550313928,9015.874309216502
2026-05-05 13:00:00+00:00,10000.0,10000.0,10016.662550313928,9021.48597742747
2026-05-05 14:00:00+00:00,10000.0,10000.0,10016.662550313928,9022.216969590156
2026-05-05 15:00:00+00:00,10000.0,10000.0,10016.662550313928,9043.137321924385
2026-05-05 16:00:00+00:00,10000.0,10000.0,10016.662550313928,9016.577570265277
2026-05-05 17:00:00+00:00,10000.0,10000.0,10016.662550313928,9014.89706476229
2026-05-05 18:00:00+00:00,10000.0,10000.0,10016.662550313928,9042.007001721386
2026-05-05 19:00:00+00:00,10000.0,10000.0,10016.662550313928,9052.139950744355
2026-05-05 20:00:00+00:00,10000.0,10000.0,10016.662550313928,9056.580256703735
2026-05-05 21:00:00+00:00,10000.0,10000.0,10016.662550313928,9030.039362202086
2026-05-05 22:00:00+00:00,10000.0,10000.0,10016.662550313928,8997.223471244726
2026-05-05 23:00:00+00:00,10000.0,10000.0,10016.662550313928,8974.400764496224
2026-05-06 00:00:00+00:00,10000.0,10000.0,10016.662550313928,8988.209749979193
2026-05-06 01:00:00+00:00,10000.0,10000.0,10016.662550313928,9033.614457407451
2026-05-06 02:00:00+00:00,10000.0,10000.0,10016.662550313928,9025.206383669729
2026-05-06 03:00:00+00:00,10000.0,10000.0,10016.662550313928,9049.404553668202
2026-05-06 04:00:00+00:00,10000.0,10000.0,10016.662550313928,9021.607994328679
2026-05-06 05:00:00+00:00,10000.0,10000.0,10016.662550313928,9021.818750794399
2026-05-06 06:00:00+00:00,10000.0,10000.0,10016.662550313928,9037.759704314823
2026-05-06 07:00:00+00:00,10000.0,10000.0,10016.662550313928,9024.79374469474
2026-05-06 08:00:00+00:00,10000.0,10000.0,10016.662550313928,9089.777727788505
2026-05-06 09:00:00+00:00,10000.0,10000.0,10016.662550313928,9095.472589341207
2026-05-06 10:00:00+00:00,10000.0,10000.0,10016.662550313928,9127.977891822766
2026-05-06 11:00:00+00:00,10000.0,10000.0,10016.662550313928,9153.80665131919
2026-05-06 12:00:00+00:00,10000.0,10000.0,10016.662550313928,9120.2608774437
2026-05-06 13:00:00+00:00,10000.0,10000.0,10016.662550313928,9059.299015111541
2026-05-06 14:00:00+00:00,10000.0,10000.0,10016.662550313928,9043.308145586076
2026-05-06 15:00:00+00:00,10000.0,10000.0,10016.662550313928,9062.999454951785
2026-05-06 16:00:00+00:00,10000.0,10000.0,10016.662550313928,9054.867583108613
2026-05-06 17:00:00+00:00,10000.0,10000.0,10016.662550313928,9035.088643422949
2026-05-06 18:00:00+00:00,10000.0,10000.0,10016.662550313928,9024.052769331049
2026-05-06 19:00:00+00:00,10000.0,10000.0,10016.662550313928,9036.446358760015
2026-05-06 20:00:00+00:00,10000.0,10000.0,10016.662550313928,9032.30333034176
2026-05-06 21:00:00+00:00,10000.0,10000.0,10016.662550313928,9044.686936569718
2026-05-06 22:00:00+00:00,10000.0,10000.0,10016.662550313928,9022.860331432887
2026-05-06 23:00:00+00:00,10000.0,10000.0,10016.662550313928,9034.465247982234
2026-05-07 00:00:00+00:00,10000.0,10000.0,10016.662550313928,8986.762185833059
2026-05-07 01:00:00+00:00,10000.0,10000.0,10016.662550313928,9003.494030722215
2026-05-07 02:00:00+00:00,10000.0,10000.0,10016.662550313928,8997.453084867908
2026-05-07 03:00:00+00:00,10000.0,10000.0,10016.662550313928,8966.568388683289
2026-05-07 04:00:00+00:00,10000.0,10000.0,10016.662550313928,8982.572569143429
2026-05-07 05:00:00+00:00,10000.0,10000.0,10016.662550313928,8994.642259161921
2026-05-07 06:00:00+00:00,10000.0,10000.0,10016.662550313928,9033.533482554838
2026-05-07 07:00:00+00:00,10000.0,10000.0,10016.662550313928,9042.40411127259
2026-05-07 08:00:00+00:00,10000.0,10000.0,10016.662550313928,9010.531078188193
2026-05-07 09:00:00+00:00,10000.0,10000.0,10016.662550313928,8977.005270714719
2026-05-07 10:00:00+00:00,10000.0,10000.0,10016.662550313928,8968.32543206067
2026-05-07 11:00:00+00:00,10000.0,10000.0,10016.662550313928,8970.08913090539
2026-05-07 12:00:00+00:00,10000.0,10000.0,10016.662550313928,9002.85177812404
2026-05-07 13:00:00+00:00,10000.0,10000.0,10016.662550313928,8929.82688124073
2026-05-07 14:00:00+00:00,10000.0,10000.0,10016.662550313928,8892.966684630634
2026-05-07 15:00:00+00:00,10000.0,10000.0,10016.662550313928,8861.824643708924
2026-05-07 16:00:00+00:00,10000.0,10000.0,10016.662550313928,8851.891358706112
2026-05-07 17:00:00+00:00,10000.0,10000.0,10016.662550313928,8884.441030969929
2026-05-07 18:00:00+00:00,10000.0,10000.0,10016.662550313928,8896.20678797996
2026-05-07 19:00:00+00:00,10000.0,10000.0,10016.662550313928,8890.16362363654
2026-05-07 20:00:00+00:00,10000.0,10000.0,10016.662550313928,8860.644407500884
2026-05-07 21:00:00+00:00,10000.0,10000.0,10016.662550313928,8844.562579921792
2026-05-07 22:00:00+00:00,10000.0,10000.0,10016.662550313928,8864.972679760063
2026-05-07 23:00:00+00:00,10000.0,10000.0,10016.662550313928,8874.62199815643
2026-05-08 00:00:00+00:00,10000.0,10000.0,10016.662550313928,8855.32003363003
2026-05-08 01:00:00+00:00,10000.0,10000.0,10016.662550313928,8845.117202200006
2026-05-08 02:00:00+00:00,10000.0,10000.0,10016.662550313928,8817.214155383068
2026-05-08 03:00:00+00:00,10000.0,10000.0,10016.662550313928,8827.240616928619
2026-05-08 04:00:00+00:00,10000.0,10000.0,10016.662550313928,8835.713026850613
2026-05-08 05:00:00+00:00,10000.0,10000.0,10016.662550313928,8829.58777841002
2026-05-08 06:00:00+00:00,10000.0,10000.0,10016.662550313928,8821.351637578542
2026-05-08 07:00:00+00:00,10000.0,10000.0,10016.662550313928,8838.726844310426
2026-05-08 08:00:00+00:00,10000.0,10000.0,10016.662550313928,8861.312172723852
2026-05-08 09:00:00+00:00,10000.0,10000.0,10016.662550313928,8859.83798670836
2026-05-08 10:00:00+00:00,10000.0,10000.0,10016.662550313928,8897.534553714002
2026-05-08 11:00:00+00:00,10000.0,10000.0,10016.662550313928,8899.604404056297
2026-05-08 12:00:00+00:00,10000.0,10000.0,10016.662550313928,8876.82052086727
2026-05-08 13:00:00+00:00,10000.0,10000.0,10016.662550313928,8834.888858145187
2026-05-08 14:00:00+00:00,10000.0,10000.0,10016.662550313928,8890.702716490963
2026-05-08 15:00:00+00:00,10000.0,10000.0,10016.662550313928,8889.723253547638
2026-05-08 16:00:00+00:00,10000.0,10000.0,10016.662550313928,8852.03112352022
2026-05-08 17:00:00+00:00,10000.0,10000.0,10016.662550313928,8880.61191876114
2026-05-08 18:00:00+00:00,10000.0,10000.0,10016.662550313928,8882.652928744968
2026-05-08 19:00:00+00:00,10000.0,10000.0,10016.662550313928,8893.916197970939
2026-05-08 20:00:00+00:00,10000.0,10000.0,10016.662550313928,8888.719387224073
2026-05-08 21:00:00+00:00,10000.0,10000.0,10016.662550313928,8903.239398467715
2026-05-08 22:00:00+00:00,10000.0,10000.0,10016.662550313928,8903.018658800986
2026-05-08 23:00:00+00:00,10000.0,10000.0,10016.662550313928,8895.383728519093
2026-05-09 00:00:00+00:00,10000.0,10000.0,10016.662550313928,8900.440774451847
2026-05-09 01:00:00+00:00,10000.0,10000.0,10016.662550313928,8910.311941759499
2026-05-09 02:00:00+00:00,10000.0,10000.0,10016.662550313928,8920.308453702028
2026-05-09 03:00:00+00:00,10000.0,10000.0,10016.662550313928,8916.545896166625
2026-05-09 04:00:00+00:00,10000.0,10000.0,10016.662550313928,8916.096652121272
2026-05-09 05:00:00+00:00,10000.0,10000.0,10016.662550313928,8916.05117309446
2026-05-09 06:00:00+00:00,10000.0,10000.0,10016.662550313928,8903.231633755822
2026-05-09 07:00:00+00:00,10000.0,10000.0,10016.662550313928,8899.345950074656
2026-05-09 08:00:00+00:00,10000.0,10000.0,10016.662550313928,8919.11601580387
2026-05-09 09:00:00+00:00,10000.0,10000.0,10016.662550313928,8900.858959649624
2026-05-09 10:00:00+00:00,10000.0,10000.0,10016.662550313928,8903.242726201386
2026-05-09 11:00:00+00:00,10000.0,10000.0,10016.662550313928,8912.276413868934
2026-05-09 12:00:00+00:00,10000.0,10000.0,10016.662550313928,8918.101057034737
2026-05-09 13:00:00+00:00,10000.0,10000.0,10016.662550313928,8917.347879980922
2026-05-09 14:00:00+00:00,10000.0,10000.0,10016.662550313928,8910.807774076224
2026-05-09 15:00:00+00:00,10000.0,10000.0,10016.662550313928,8932.515690045517
2026-05-09 16:00:00+00:00,10000.0,10000.0,10016.662550313928,8943.285345443874
2026-05-09 17:00:00+00:00,10000.0,10000.0,10016.662550313928,8964.104756523468
2026-05-09 18:00:00+00:00,10000.0,10000.0,10016.662550313928,8974.63703358675
2026-05-09 19:00:00+00:00,10000.0,10000.0,10016.662550313928,8978.062380777
2026-05-09 20:00:00+00:00,10000.0,10000.0,10016.662550313928,8963.306100442842
2026-05-09 21:00:00+00:00,10000.0,10000.0,10016.662550313928,8960.569594122135
2026-05-09 22:00:00+00:00,10000.0,10000.0,10016.662550313928,8960.74152702838
2026-05-09 23:00:00+00:00,10000.0,10000.0,10016.662550313928,8949.207602130642
2026-05-10 00:00:00+00:00,10000.0,10000.0,10016.662550313928,8949.389518237896
2026-05-10 01:00:00+00:00,10000.0,10000.0,10016.662550313928,8950.001821233043
2026-05-10 02:00:00+00:00,10000.0,10000.0,10016.662550313928,8960.191341728389
2026-05-10 03:00:00+00:00,10000.0,10000.0,10016.662550313928,8959.922904545734
2026-05-10 04:00:00+00:00,10000.0,10000.0,10016.662550313928,8958.251272999198
2026-05-10 05:00:00+00:00,10000.0,10000.0,10016.662550313928,8951.68898220337
2026-05-10 06:00:00+00:00,10000.0,10000.0,10016.662550313928,8955.347270750468
2026-05-10 07:00:00+00:00,10000.0,10000.0,10016.662550313928,8955.600178509334
2026-05-10 08:00:00+00:00,10000.0,10000.0,10016.662550313928,8966.060354676447
2026-05-10 09:00:00+00:00,10000.0,10000.0,10016.662550313928,8963.578974603719
2026-05-10 10:00:00+00:00,10000.0,10000.0,10016.662550313928,8970.881131518681
2026-05-10 11:00:00+00:00,10000.0,10000.0,10016.662550313928,8965.048723640986
2026-05-10 12:00:00+00:00,10000.0,10000.0,10016.662550313928,8976.8632874115
2026-05-10 13:00:00+00:00,10000.0,10000.0,10016.662550313928,8981.738417236998
2026-05-10 14:00:00+00:00,10000.0,10000.0,10016.662550313928,8983.783864199051
2026-05-10 15:00:00+00:00,10000.0,10000.0,10016.662550313928,9031.248438768598
2026-05-10 16:00:00+00:00,10000.0,10000.0,10016.662550313928,9026.838082412241
2026-05-10 17:00:00+00:00,10000.0,10000.0,10016.662550313928,9037.700914353338
2026-05-10 18:00:00+00:00,10000.0,10000.0,10016.662550313928,9015.04792202197
2026-05-10 19:00:00+00:00,10000.0,10000.0,10016.662550313928,9033.446961479438
2026-05-10 20:00:00+00:00,10000.0,10000.0,10016.662550313928,8955.472615385346
2026-05-10 21:00:00+00:00,10000.0,10000.0,10016.662550313928,8953.874193979535
2026-05-10 22:00:00+00:00,10000.0,10000.0,10016.662550313928,9100.74039173969
2026-05-10 23:00:00+00:00,10000.0,10000.0,10016.662550313928,9119.107263105021
2026-05-11 00:00:00+00:00,10000.0,10000.0,10016.662550313928,9037.140745852344
2026-05-11 01:00:00+00:00,10000.0,10000.0,10016.662550313928,9040.533924950458
2026-05-11 02:00:00+00:00,10000.0,10000.0,10016.662550313928,9003.636014025442
2026-05-11 03:00:00+00:00,10000.0,10000.0,10016.662550313928,8955.597960020223
2026-05-11 04:00:00+00:00,10000.0,10000.0,10016.662550313928,8965.425866790174
2026-05-11 05:00:00+00:00,10000.0,10000.0,10016.662550313928,8966.282203587736
2026-05-11 06:00:00+00:00,10000.0,10000.0,10016.662550313928,8965.231748992797
2026-05-11 07:00:00+00:00,10000.0,10000.0,10016.662550313928,8956.084918380493
2026-05-11 08:00:00+00:00,10000.0,10000.0,10016.662550313928,8959.143105622567
2026-05-11 09:00:00+00:00,10000.0,10000.0,10016.662550313928,8981.172702513224
2026-05-11 10:00:00+00:00,10000.0,10000.0,10016.662550313928,8978.225439726795
2026-05-11 11:00:00+00:00,10000.0,10000.0,10016.662550313928,9006.72636935965
2026-05-11 12:00:00+00:00,10000.0,10000.0,10016.662550313928,8990.942928566239
2026-05-11 13:00:00+00:00,10000.0,10000.0,10016.662550313928,8992.867467871643
2026-05-11 14:00:00+00:00,10000.0,10000.0,10016.662550313928,8979.709608943296
2026-05-11 15:00:00+00:00,10000.0,10000.0,10016.662550313928,9034.342121836477
2026-05-11 16:00:00+00:00,10000.0,10000.0,10016.662550313928,9048.756754847258
2026-05-11 17:00:00+00:00,10000.0,10000.0,10016.662550313928,9089.270803026226
2026-05-11 18:00:00+00:00,10000.0,10000.0,10016.662550313928,9080.160577484285
2026-05-11 19:00:00+00:00,10000.0,10000.0,10016.662550313928,9091.58912414916
2026-05-11 20:00:00+00:00,10000.0,10000.0,10016.662550313928,9075.952103637197
2026-05-11 21:00:00+00:00,10000.0,10000.0,10016.662550313928,9075.969851550099
2026-05-11 22:00:00+00:00,10000.0,10000.0,10016.662550313928,9077.383029114988
2026-05-11 23:00:00+00:00,10000.0,10000.0,10016.662550313928,9067.5917274154
2026-05-12 00:00:00+00:00,10000.0,10000.0,10016.662550313928,9045.356920281805
2026-05-12 01:00:00+00:00,10000.0,10000.0,10016.662550313928,9006.974840140289
2026-05-12 02:00:00+00:00,10000.0,10000.0,10016.662550313928,9012.60425626416
2026-05-12 03:00:00+00:00,10000.0,10000.0,10016.662550313928,8991.403265057157
2026-05-12 04:00:00+00:00,10000.0,10000.0,10016.662550313928,9011.503885664184
2026-05-12 05:00:00+00:00,10000.0,10000.0,10016.662550313928,9009.731312863012
2026-05-12 06:00:00+00:00,10000.0,10000.0,10016.662550313928,8987.370051849985
2026-05-12 07:00:00+00:00,10000.0,10000.0,10016.662550313928,8969.950475335841
2026-05-12 08:00:00+00:00,10000.0,10000.0,10016.662550313928,8967.500154110692
2026-05-12 09:00:00+00:00,10000.0,10000.0,10016.662550313928,8966.816859463932
2026-05-12 10:00:00+00:00,10000.0,10000.0,10016.662550313928,8947.873180929259
2026-05-12 11:00:00+00:00,10000.0,10000.0,10016.662550313928,8961.017728922927
2026-05-12 12:00:00+00:00,10000.0,10000.0,10016.662550313928,8971.709737202333
2026-05-12 13:00:00+00:00,10000.0,10000.0,10016.662550313928,8925.748189006748
2026-05-12 14:00:00+00:00,10000.0,10000.0,10016.662550313928,8933.85565746968
2026-05-12 15:00:00+00:00,10000.0,10000.0,10016.662550313928,8911.228177763107
2026-05-12 16:00:00+00:00,10000.0,10000.0,10016.662550313928,8873.957560667133
2026-05-12 17:00:00+00:00,10000.0,10000.0,10016.662550313928,8932.490177420716
2026-05-12 18:00:00+00:00,10000.0,10000.0,10016.662550313928,8949.2874677387
2026-05-12 19:00:00+00:00,10000.0,10000.0,10016.662550313928,8966.538439080266
2026-05-12 20:00:00+00:00,10000.0,10000.0,10016.662550313928,8951.256376826359
2026-05-12 21:00:00+00:00,10000.0,10000.0,10016.662550313928,8939.117913645372
2026-05-12 22:00:00+00:00,10000.0,10000.0,10016.662550313928,8946.770591840164
2026-05-12 23:00:00+00:00,10000.0,10000.0,10016.662550313928,8929.91451156069
2026-05-13 00:00:00+00:00,10000.0,10000.0,10016.662550313928,8953.600210574094
2026-05-13 01:00:00+00:00,10000.0,10000.0,10016.662550313928,8985.546453799214
2026-05-13 02:00:00+00:00,10000.0,10000.0,10016.662550313928,8990.427129847494
2026-05-13 03:00:00+00:00,10000.0,10000.0,10016.662550313928,9012.610911731495
2026-05-13 04:00:00+00:00,10000.0,10000.0,10016.662550313928,9010.610943796255
2026-05-13 05:00:00+00:00,10000.0,10000.0,10016.662550313928,8987.098286933655
2026-05-13 06:00:00+00:00,10000.0,10000.0,10016.662550313928,8982.667964175282
2026-05-13 07:00:00+00:00,10000.0,10000.0,10016.662550313928,8987.866993411257
2026-05-13 08:00:00+00:00,10000.0,10000.0,10016.662550313928,9006.685327311056
2026-05-13 09:00:00+00:00,10000.0,10000.0,10016.662550313928,9017.202074950548
2026-05-13 10:00:00+00:00,10000.0,10000.0,10016.662550313928,8963.69544528214
2026-05-13 11:00:00+00:00,10000.0,10000.0,10016.662550313928,8929.554007079849
2026-05-13 12:00:00+00:00,10000.0,10000.0,10016.662550313928,8896.449712537817
2026-05-13 13:00:00+00:00,10000.0,10000.0,10016.662550313928,8835.799547926012
2026-05-13 14:00:00+00:00,10000.0,10000.0,10016.662550313928,8846.89199349029
2026-05-13 15:00:00+00:00,10000.0,10000.0,10016.662550313928,8743.865359089277
2026-05-13 16:00:00+00:00,10000.0,10000.0,10016.662550313928,8775.055097526913
2026-05-13 17:00:00+00:00,10000.0,10000.0,10016.662550313928,8820.154762702155
2026-05-13 18:00:00+00:00,10000.0,10000.0,10016.662550313928,8829.38145892252
2026-05-13 19:00:00+00:00,10000.0,10000.0,10016.662550313928,8834.290975329272
2026-05-13 20:00:00+00:00,10000.0,10000.0,10016.662550313928,8840.562644051313
2026-05-13 21:00:00+00:00,10000.0,10000.0,10016.662550313928,8807.239828331665
2026-05-13 22:00:00+00:00,10000.0,10000.0,10016.662550313928,8810.558688044497
2026-05-13 23:00:00+00:00,10000.0,10000.0,10016.662550313928,8797.819014313924
2026-05-14 00:00:00+00:00,10000.0,10000.0,10016.662550313928,8827.368180052603
2026-05-14 01:00:00+00:00,10000.0,10000.0,10016.662550313928,8830.096921661416
2026-05-14 02:00:00+00:00,10000.0,10000.0,10016.662550313928,8804.100666236973
2026-05-14 03:00:00+00:00,10000.0,10000.0,10016.662550313928,8768.00695761537
2026-05-14 04:00:00+00:00,10000.0,10000.0,10016.662550313928,8813.128807681738
2026-05-14 05:00:00+00:00,10000.0,10000.0,10016.662550313928,8852.787628307702
2026-05-14 06:00:00+00:00,10000.0,10000.0,10016.662550313928,8852.294014480092
2026-05-14 07:00:00+00:00,10000.0,10000.0,10016.662550313928,8845.77942120019
2026-05-14 08:00:00+00:00,10000.0,10000.0,10016.662550313928,8854.163091557672
2026-05-14 09:00:00+00:00,10000.0,10000.0,10016.662550313928,8833.526705829889
2026-05-14 10:00:00+00:00,10000.0,10000.0,10016.662550313928,8826.26004474073
2026-05-14 11:00:00+00:00,10000.0,10000.0,10016.662550313928,8791.68045493865
2026-05-14 12:00:00+00:00,10000.0,10000.0,10016.662550313928,8848.123254947921
2026-05-14 13:00:00+00:00,10000.0,10000.0,10016.662550313928,8840.871014037997
2026-05-14 14:00:00+00:00,10000.0,10000.0,10016.662550313928,8980.981912449506
2026-05-14 15:00:00+00:00,10000.0,10000.0,10016.662550313928,9018.294680838624
2026-05-14 16:00:00+00:00,10000.0,10000.0,10016.662550313928,9083.426193458396
2026-05-14 17:00:00+00:00,10000.0,10000.0,10016.662550313928,9059.031687173436
2026-05-14 18:00:00+00:00,10000.0,10000.0,10016.662550313928,9049.437831004892
2026-05-14 19:00:00+00:00,10000.0,10000.0,10016.662550313928,9031.44033807685
2026-05-14 20:00:00+00:00,10000.0,10000.0,10016.662550313928,9030.5862197684
2026-05-14 21:00:00+00:00,10000.0,10000.0,10016.662550313928,9028.874655417834
2026-05-14 22:00:00+00:00,10000.0,10000.0,10016.662550313928,9035.462458838458
2026-05-14 23:00:00+00:00,10000.0,10000.0,10016.662550313928,8994.862998828645
2026-05-15 00:00:00+00:00,10000.0,10000.0,10016.662550313928,9042.41409447359
2026-05-15 01:00:00+00:00,10000.0,10000.0,10016.662550313928,8999.41311999911
2026-05-15 02:00:00+00:00,10000.0,10000.0,10016.662550313928,9018.062848726331
2026-05-15 03:00:00+00:00,10000.0,10000.0,10016.662550313928,8991.44208861662
2026-05-15 04:00:00+00:00,10000.0,10000.0,10016.662550313928,8954.34451367145
2026-05-15 05:00:00+00:00,10000.0,10000.0,10016.662550313928,8913.890364698527
2026-05-15 06:00:00+00:00,10000.0,10000.0,10016.662550313928,8938.292635695381
2026-05-15 07:00:00+00:00,10000.0,10000.0,10016.662550313928,8964.346571836759
2026-05-15 08:00:00+00:00,10000.0,10000.0,10016.662550313928,8944.726254122663
2026-05-15 09:00:00+00:00,10000.0,10000.0,10016.662550313928,8928.287249796404
2026-05-15 10:00:00+00:00,10000.0,10000.0,10016.662550313928,8953.403874287596
2026-05-15 11:00:00+00:00,10000.0,10000.0,10016.662550313928,8943.675799527726
2026-05-15 12:00:00+00:00,10000.0,10000.0,10016.662550313928,8916.67456853516
2026-05-15 13:00:00+00:00,10000.0,10000.0,10016.662550313928,8736.253722943064
2026-05-15 14:00:00+00:00,10000.0,10000.0,10016.662550313928,8779.711706174794
2026-05-15 15:00:00+00:00,10000.0,10000.0,10016.662550313928,8779.70061372923
2026-05-15 16:00:00+00:00,10000.0,10000.0,10016.662550313928,8795.678172320017
2026-05-15 17:00:00+00:00,10000.0,10000.0,10016.662550313928,8814.057245375467
2026-05-15 18:00:00+00:00,10000.0,10000.0,10016.662550313928,8794.534541182338
2026-05-15 19:00:00+00:00,10000.0,10000.0,10016.662550313928,8779.282428531456
2026-05-15 20:00:00+00:00,10000.0,10000.0,10016.662550313928,8776.689014758527
2026-05-15 21:00:00+00:00,10000.0,10000.0,10016.662550313928,8760.092497705255
2026-05-15 22:00:00+00:00,10000.0,10000.0,10016.662550313928,8774.943063826713
2026-05-15 23:00:00+00:00,10000.0,10000.0,10016.662550313928,8775.589753403108
2026-05-16 00:00:00+00:00,10000.0,10000.0,10016.662550313928,8775.44666085533
2026-05-16 01:00:00+00:00,10000.0,10000.0,10016.662550313928,8781.667304327777
2026-05-16 02:00:00+00:00,10000.0,10000.0,10016.662550313928,8780.285185610466
2026-05-16 03:00:00+00:00,10000.0,10000.0,10016.662550313928,8772.258692000156
2026-05-16 04:00:00+00:00,10000.0,10000.0,10016.662550313928,8766.943192085753
2026-05-16 05:00:00+00:00,10000.0,10000.0,10016.662550313928,8766.067998130731
2026-05-16 06:00:00+00:00,10000.0,10000.0,10016.662550313928,8723.98658739353
2026-05-16 07:00:00+00:00,10000.0,10000.0,10016.662550313928,8693.12407610004
2026-05-16 08:00:00+00:00,10000.0,10000.0,10016.662550313928,8699.423475935993
2026-05-16 09:00:00+00:00,10000.0,10000.0,10016.662550313928,8661.367513694067
2026-05-16 10:00:00+00:00,10000.0,10000.0,10016.662550313928,8647.670561911296
2026-05-16 11:00:00+00:00,10000.0,10000.0,10016.662550313928,8661.17117740758
2026-05-16 12:00:00+00:00,10000.0,10000.0,10016.662550313928,8652.909523951304
2026-05-16 13:00:00+00:00,10000.0,10000.0,10016.662550313928,8653.727037189392
2026-05-16 14:00:00+00:00,10000.0,10000.0,10016.662550313928,8666.588727821172
2026-05-16 15:00:00+00:00,10000.0,10000.0,10016.662550313928,8678.581879965268
2026-05-16 16:00:00+00:00,10000.0,10000.0,10016.662550313928,8674.953541021194
2026-05-16 17:00:00+00:00,10000.0,10000.0,10016.662550313928,8674.458817949027
2026-05-16 18:00:00+00:00,10000.0,10000.0,10016.662550313928,8677.599089288273
2026-05-16 19:00:00+00:00,10000.0,10000.0,10016.662550313928,8680.91018428921
2026-05-16 20:00:00+00:00,10000.0,10000.0,10016.662550313928,8681.058823059771
2026-05-16 21:00:00+00:00,10000.0,10000.0,10016.662550313928,8681.58349573496
2026-05-16 22:00:00+00:00,10000.0,10000.0,10016.662550313928,8672.767220000473
2026-05-16 23:00:00+00:00,10000.0,10000.0,10016.662550313928,8668.529905794918
2026-05-17 00:00:00+00:00,10000.0,10000.0,10016.662550313928,8646.100980863948
2026-05-17 01:00:00+00:00,10000.0,10000.0,10016.662550313928,8621.682071198746
2026-05-17 02:00:00+00:00,10000.0,10000.0,10016.662550313928,8640.51704376689
2026-05-17 03:00:00+00:00,10000.0,10000.0,10016.662550313928,8655.311038415968
2026-05-17 04:00:00+00:00,10000.0,10000.0,10016.662550313928,8669.643587329572
2026-05-17 05:00:00+00:00,10000.0,10000.0,10016.662550313928,8665.574878296595
2026-05-17 06:00:00+00:00,10000.0,10000.0,10016.662550313928,8663.732423088368
2026-05-17 07:00:00+00:00,10000.0,10000.0,10016.662550313928,8672.07505139726
2026-05-17 08:00:00+00:00,10000.0,10000.0,10016.662550313928,8662.068556253726
2026-05-17 09:00:00+00:00,10000.0,10000.0,10016.662550313928,8679.764334662419
2026-05-17 10:00:00+00:00,10000.0,10000.0,10016.662550313928,8703.797227221985
2026-05-17 11:00:00+00:00,10000.0,10000.0,10016.662550313928,8698.251004439846
2026-05-17 12:00:00+00:00,10000.0,10000.0,10016.662550313928,8692.57610928916
2026-05-17 13:00:00+00:00,10000.0,10000.0,10016.662550313928,8674.61522143148
2026-05-17 14:00:00+00:00,10000.0,10000.0,10016.662550313928,8657.821258847163
2026-05-17 15:00:00+00:00,10000.0,10000.0,10016.662550313928,8657.8101664016
2026-05-17 16:00:00+00:00,10000.0,10000.0,10016.662550313928,8655.91890443289
2026-05-17 17:00:00+00:00,10000.0,10000.0,10016.662550313928,8662.088522655742
2026-05-17 18:00:00+00:00,10000.0,10000.0,10016.662550313928,8681.840840472052
2026-05-17 19:00:00+00:00,10000.0,10000.0,10016.662550313928,8698.174466565453
2026-05-17 20:00:00+00:00,10000.0,10000.0,10016.662550313928,8682.873547154088
2026-05-17 21:00:00+00:00,10000.0,10000.0,10016.662550313928,8697.111810280394
2026-05-17 22:00:00+00:00,10000.0,10000.0,10016.662550313928,8651.801388639431
2026-05-17 23:00:00+00:00,10000.0,10000.0,10016.662550313928,8591.949880108255
2026-05-18 00:00:00+00:00,10000.0,10000.0,10016.662550313928,8564.471673956425
2026-05-18 01:00:00+00:00,10000.0,10000.0,10016.662550313928,8553.298253539528
2026-05-18 02:00:00+00:00,10000.0,10000.0,10016.662550313928,8522.926028339978
2026-05-18 03:00:00+00:00,10000.0,10000.0,10016.662550313928,8532.82492676154
2026-05-18 04:00:00+00:00,10000.0,10000.0,10016.662550313928,8545.452566791915
2026-05-18 05:00:00+00:00,10000.0,10000.0,10016.662550313928,8533.573666837128
2026-05-18 06:00:00+00:00,10000.0,10000.0,10016.662550313928,8531.479413114594
2026-05-18 07:00:00+00:00,10000.0,10000.0,10016.662550313928,8549.357107630542
2026-05-18 08:00:00+00:00,10000.0,10000.0,10016.662550313928,8545.666650991307
2026-05-18 09:00:00+00:00,10000.0,10000.0,10016.662550313928,8533.768893879062
2026-05-18 10:00:00+00:00,10000.0,10000.0,10016.662550313928,8515.086997059705
2026-05-18 11:00:00+00:00,10000.0,10000.0,10016.662550313928,8572.888621650602
2026-05-18 12:00:00+00:00,10000.0,10000.0,10016.662550313928,8612.172517616493
2026-05-18 13:00:00+00:00,10000.0,10000.0,10016.662550313928,8534.272490907679
2026-05-18 14:00:00+00:00,10000.0,10000.0,10016.662550313928,8473.924040815224
2026-05-18 15:00:00+00:00,10000.0,10000.0,10016.662550313928,8475.677756458937
2026-05-18 16:00:00+00:00,10000.0,10000.0,10016.662550313928,8475.73876490954
2026-05-18 17:00:00+00:00,10000.0,10000.0,10016.662550313928,8508.614555072947
2026-05-18 18:00:00+00:00,10000.0,10000.0,10016.662550313928,8458.267053901245
2026-05-18 19:00:00+00:00,10000.0,10000.0,10016.662550313928,8533.196523687944
2026-05-18 20:00:00+00:00,10000.0,10000.0,10016.662550313928,8531.191009529923
2026-05-18 21:00:00+00:00,10000.0,10000.0,10016.662550313928,8552.613849648214
2026-05-18 22:00:00+00:00,10000.0,10000.0,10016.662550313928,8549.859595414602
2026-05-18 23:00:00+00:00,10000.0,10000.0,10016.662550313928,8541.390513226275
2026-05-19 00:00:00+00:00,10000.0,10000.0,10016.662550313928,8556.809012560621
2026-05-19 01:00:00+00:00,10000.0,10000.0,10016.662550313928,8504.246350009735
2026-05-19 02:00:00+00:00,10000.0,10000.0,10016.662550313928,8498.751152477193
2026-05-19 03:00:00+00:00,10000.0,10000.0,10016.662550313928,8517.568377132435
2026-05-19 04:00:00+00:00,10000.0,10000.0,10016.662550313928,8533.113330346214
2026-05-19 05:00:00+00:00,10000.0,10000.0,10016.662550313928,8531.337429811372
2026-05-19 06:00:00+00:00,10000.0,10000.0,10016.662550313928,8544.444263490122
2026-05-19 07:00:00+00:00,10000.0,10000.0,10016.662550313928,8567.105020533387
2026-05-19 08:00:00+00:00,10000.0,10000.0,10016.662550313928,8546.586214728586
2026-05-19 09:00:00+00:00,10000.0,10000.0,10016.662550313928,8521.083573131753
2026-05-19 10:00:00+00:00,10000.0,10000.0,10016.662550313928,8545.827491451988
2026-05-19 11:00:00+00:00,10000.0,10000.0,10016.662550313928,8509.527463342887
2026-05-19 12:00:00+00:00,10000.0,10000.0,10016.662550313928,8534.550911291342
2026-05-19 13:00:00+00:00,10000.0,10000.0,10016.662550313928,8527.06794751368
2026-05-19 14:00:00+00:00,10000.0,10000.0,10016.662550313928,8473.788712979338
2026-05-19 15:00:00+00:00,10000.0,10000.0,10016.662550313928,8488.07578286613
2026-05-19 16:00:00+00:00,10000.0,10000.0,10016.662550313928,8529.490537624917
2026-05-19 17:00:00+00:00,10000.0,10000.0,10016.662550313928,8525.29426546795
2026-05-19 18:00:00+00:00,10000.0,10000.0,10016.662550313928,8519.362025580174
2026-05-19 19:00:00+00:00,10000.0,10000.0,10016.662550313928,8521.076917664413
2026-05-19 20:00:00+00:00,10000.0,10000.0,10016.662550313928,8543.648935143163
2026-05-19 21:00:00+00:00,10000.0,10000.0,10016.662550313928,8539.22415860757
2026-05-19 22:00:00+00:00,10000.0,10000.0,10016.662550313928,8509.260135404787
2026-05-19 23:00:00+00:00,10000.0,10000.0,10016.662550313928,8522.809557661552
2026-05-20 00:00:00+00:00,10000.0,10000.0,10016.662550313928,8517.759167196136
2026-05-20 01:00:00+00:00,10000.0,10000.0,10016.662550313928,8521.325388445051
2026-05-20 02:00:00+00:00,10000.0,10000.0,10016.662550313928,8506.84309151633
2026-05-20 03:00:00+00:00,10000.0,10000.0,10016.662550313928,8510.516909487216
2026-05-20 04:00:00+00:00,10000.0,10000.0,10016.662550313928,8516.820746301397
2026-05-20 05:00:00+00:00,10000.0,10000.0,10016.662550313928,8563.034093011294
2026-05-20 06:00:00+00:00,10000.0,10000.0,10016.662550313928,8587.118010820453
2026-05-20 07:00:00+00:00,10000.0,10000.0,10016.662550313928,8572.534772637096
2026-05-20 08:00:00+00:00,10000.0,10000.0,10016.662550313928,8591.990922156841
2026-05-20 09:00:00+00:00,10000.0,10000.0,10016.662550313928,8594.995865660205
2026-05-20 10:00:00+00:00,10000.0,10000.0,10016.662550313928,8598.58094406658
2026-05-20 11:00:00+00:00,10000.0,10000.0,10016.662550313928,8583.61057953303
2026-05-20 12:00:00+00:00,10000.0,10000.0,10016.662550313928,8609.652313984285
2026-05-20 13:00:00+00:00,10000.0,10000.0,10016.662550313928,8563.879337363293
2026-05-20 14:00:00+00:00,10000.0,10000.0,10016.662550313928,8590.664265667356
2026-05-20 15:00:00+00:00,10000.0,10000.0,10016.662550313928,8591.704737061287
2026-05-20 16:00:00+00:00,10000.0,10000.0,10016.662550313928,8578.74210517487
2026-05-20 17:00:00+00:00,10000.0,10000.0,10016.662550313928,8604.293553532185
2026-05-20 18:00:00+00:00,10000.0,10000.0,10016.662550313928,8587.226716786985
2026-05-20 19:00:00+00:00,10000.0,10000.0,10016.662550313928,8615.224049391223
2026-05-20 20:00:00+00:00,10000.0,10000.0,10016.662550313928,8621.04980180158
2026-05-20 21:00:00+00:00,10000.0,10000.0,10016.662550313928,8596.64642156017
2026-05-20 22:00:00+00:00,10000.0,10000.0,10016.662550313928,8597.16554801258
2026-05-20 23:00:00+00:00,10000.0,10000.0,10016.662550313928,8602.438896633836
2026-05-21 00:00:00+00:00,10000.0,10000.0,10016.662550313928,8648.4570163018
2026-05-21 01:00:00+00:00,10000.0,10000.0,10016.662550313928,8637.00517550124
2026-05-21 02:00:00+00:00,10000.0,10000.0,10016.662550313928,8647.20246070848
2026-05-21 03:00:00+00:00,10000.0,10000.0,10016.662550313928,8660.839513285204
2026-05-21 04:00:00+00:00,10000.0,10000.0,10016.662550313928,8656.078635649015
2026-05-21 05:00:00+00:00,10000.0,10000.0,10016.662550313928,8633.028533766445
2026-05-21 06:00:00+00:00,10000.0,10000.0,10016.662550313928,8610.193625327822
2026-05-21 07:00:00+00:00,10000.0,10000.0,10016.662550313928,8639.79603480521
2026-05-21 08:00:00+00:00,10000.0,10000.0,10016.662550313928,8643.747163915208
2026-05-21 09:00:00+00:00,10000.0,10000.0,10016.662550313928,8611.400483405216
2026-05-21 10:00:00+00:00,10000.0,10000.0,10016.662550313928,8563.155000667944
2026-05-21 11:00:00+00:00,10000.0,10000.0,10016.662550313928,8562.158899056272
2026-05-21 12:00:00+00:00,10000.0,10000.0,10016.662550313928,8572.078873124407
2026-05-21 13:00:00+00:00,10000.0,10000.0,10016.662550313928,8554.791296712478
2026-05-21 14:00:00+00:00,10000.0,10000.0,10016.662550313928,8539.47595712188
2026-05-21 15:00:00+00:00,10000.0,10000.0,10016.662550313928,8569.9635437553
2026-05-21 16:00:00+00:00,10000.0,10000.0,10016.662550313928,8564.247606556026
2026-05-21 17:00:00+00:00,10000.0,10000.0,10016.662550313928,8637.618587740944
2026-05-21 18:00:00+00:00,10000.0,10000.0,10016.662550313928,8584.192932925156
2026-05-21 19:00:00+00:00,10000.0,10000.0,10016.662550313928,8617.783076582904
2026-05-21 20:00:00+00:00,10000.0,10000.0,10016.662550313928,8619.474674531455
2026-05-21 21:00:00+00:00,10000.0,10000.0,10016.662550313928,8615.75648677831
2026-05-21 22:00:00+00:00,10000.0,10000.0,10016.662550313928,8610.84364263789
2026-05-21 23:00:00+00:00,10000.0,10000.0,10016.662550313928,8609.45930543147
2026-05-22 00:00:00+00:00,10000.0,10000.0,10016.662550313928,8582.621133388699
2026-05-22 01:00:00+00:00,10000.0,10000.0,10016.662550313928,8609.512549170176
2026-05-22 02:00:00+00:00,10000.0,10000.0,10016.662550313928,8615.875175945848
2026-05-22 03:00:00+00:00,10000.0,10000.0,10016.662550313928,8627.70194140648
2026-05-22 04:00:00+00:00,10000.0,10000.0,10016.662550313928,8613.885191211615
2026-05-22 05:00:00+00:00,10000.0,10000.0,10016.662550313928,8595.425143303544
2026-05-22 06:00:00+00:00,10000.0,10000.0,10016.662550313928,8588.149608257934
2026-05-22 07:00:00+00:00,10000.0,10000.0,10016.662550313928,8586.446917863817
2026-05-22 08:00:00+00:00,10000.0,10000.0,10016.662550313928,8570.84206544399
2026-05-22 09:00:00+00:00,10000.0,10000.0,10016.662550313928,8575.249094066678
2026-05-22 10:00:00+00:00,10000.0,10000.0,10016.662550313928,8575.791514654771
2026-05-22 11:00:00+00:00,10000.0,10000.0,10016.662550313928,8588.751928052074
2026-05-22 12:00:00+00:00,10000.0,10000.0,10016.662550313928,8600.405651361903
2026-05-22 13:00:00+00:00,10000.0,10000.0,10016.662550313928,8573.352285875186
2026-05-22 14:00:00+00:00,10000.0,10000.0,10016.662550313928,8516.139670143753
2026-05-22 15:00:00+00:00,10000.0,10000.0,10016.662550313928,8517.95439423807
2026-05-22 16:00:00+00:00,10000.0,10000.0,10016.662550313928,8535.712290341922
2026-05-22 17:00:00+00:00,10000.0,10000.0,10016.662550313928,8513.451970583528
2026-05-22 18:00:00+00:00,10000.0,10000.0,10016.662550313928,8489.877196025767
2026-05-22 19:00:00+00:00,10000.0,10000.0,10016.662550313928,8414.778011821936
2026-05-22 20:00:00+00:00,10000.0,10000.0,10016.662550313928,8428.53597205531
2026-05-22 21:00:00+00:00,10000.0,10000.0,10016.662550313928,8427.910358125486
2026-05-22 22:00:00+00:00,10000.0,10000.0,10016.662550313928,8401.143177734326
2026-05-22 23:00:00+00:00,10000.0,10000.0,10016.662550313928,8379.177917027942
2026-05-23 00:00:00+00:00,10000.0,10000.0,10016.662550313928,8358.450573246531
2026-05-23 01:00:00+00:00,10000.0,10000.0,10016.662550313928,8373.669408560721
2026-05-23 02:00:00+00:00,10000.0,10000.0,10016.662550313928,8382.790726548228
2026-05-23 03:00:00+00:00,10000.0,10000.0,10016.662550313928,8389.79560592207
2026-05-23 04:00:00+00:00,10000.0,10000.0,10016.662550313928,8379.207866630968
2026-05-23 05:00:00+00:00,10000.0,10000.0,10016.662550313928,8372.87518945832
2026-05-23 06:00:00+00:00,10000.0,10000.0,10016.662550313928,8363.518711624853
2026-05-23 07:00:00+00:00,10000.0,10000.0,10016.662550313928,8276.002643856367
2026-05-23 08:00:00+00:00,10000.0,10000.0,10016.662550313928,8284.315322562237
2026-05-23 09:00:00+00:00,10000.0,10000.0,10016.662550313928,8281.27710172218
2026-05-23 10:00:00+00:00,10000.0,10000.0,10016.662550313928,8286.611458794041
2026-05-23 11:00:00+00:00,10000.0,10000.0,10016.662550313928,8296.038928279122
2026-05-23 12:00:00+00:00,10000.0,10000.0,10016.662550313928,8292.038992408641
2026-05-23 13:00:00+00:00,10000.0,10000.0,10016.662550313928,8343.060914270653
2026-05-23 14:00:00+00:00,10000.0,10000.0,10016.662550313928,8378.980471496898
2026-05-23 15:00:00+00:00,10000.0,10000.0,10016.662550313928,8377.01489014291
2026-05-23 16:00:00+00:00,10000.0,10000.0,10016.662550313928,8368.662278633006
2026-05-23 17:00:00+00:00,10000.0,10000.0,10016.662550313928,8373.485273964356
2026-05-23 18:00:00+00:00,10000.0,10000.0,10016.662550313928,8413.15629628044
2026-05-23 19:00:00+00:00,10000.0,10000.0,10016.662550313928,8428.422829110557
2026-05-23 20:00:00+00:00,10000.0,10000.0,10016.662550313928,8573.082739447977
2026-05-23 21:00:00+00:00,10000.0,10000.0,10016.662550313928,8519.551706399328
2026-05-23 22:00:00+00:00,10000.0,10000.0,10016.662550313928,8495.088426951868
2026-05-23 23:00:00+00:00,10000.0,10000.0,10016.662550313928,8513.674928739372
2026-05-24 00:00:00+00:00,10000.0,10000.0,10016.662550313928,8522.898297226073
2026-05-24 01:00:00+00:00,10000.0,10000.0,10016.662550313928,8528.985831351747
2026-05-24 02:00:00+00:00,10000.0,10000.0,10016.662550313928,8522.325927034955
2026-05-24 03:00:00+00:00,10000.0,10000.0,10016.662550313928,8513.451970583534
2026-05-24 04:00:00+00:00,10000.0,10000.0,10016.662550313928,8517.500713214495
2026-05-24 05:00:00+00:00,10000.0,10000.0,10016.662550313928,8521.46404401461
2026-05-24 06:00:00+00:00,10000.0,10000.0,10016.662550313928,8539.805402755146
2026-05-24 07:00:00+00:00,10000.0,10000.0,10016.662550313928,8518.997084121118
2026-05-24 08:00:00+00:00,10000.0,10000.0,10016.662550313928,8522.40246490935
2026-05-24 09:00:00+00:00,10000.0,10000.0,10016.662550313928,8543.460363568574
2026-05-24 10:00:00+00:00,10000.0,10000.0,10016.662550313928,8562.340815163532
2026-05-24 11:00:00+00:00,10000.0,10000.0,10016.662550313928,8576.685565767255
2026-05-24 12:00:00+00:00,10000.0,10000.0,10016.662550313928,8554.353145112695
2026-05-24 13:00:00+00:00,10000.0,10000.0,10016.662550313928,8519.245554901754
2026-05-24 14:00:00+00:00,10000.0,10000.0,10016.662550313928,8481.856248638243
2026-05-24 15:00:00+00:00,10000.0,10000.0,10016.662550313928,8471.477047323746
2026-05-24 16:00:00+00:00,10000.0,10000.0,10016.662550313928,8504.7665857067
2026-05-24 17:00:00+00:00,10000.0,10000.0,10016.662550313928,8507.16699092681
2026-05-24 18:00:00+00:00,10000.0,10000.0,10016.662550313928,8504.104366706513
2026-05-24 19:00:00+00:00,10000.0,10000.0,10016.662550313928,8516.040947378235
2026-05-24 20:00:00+00:00,10000.0,10000.0,10016.662550313928,8504.40053500308
2026-05-24 21:00:00+00:00,10000.0,10000.0,10016.662550313928,8447.023751077297
2026-05-24 22:00:00+00:00,10000.0,10000.0,10016.662550313928,8519.440781943686
2026-05-24 23:00:00+00:00,10000.0,10000.0,10016.662550313928,8548.388737132782
2026-05-25 00:00:00+00:00,10000.0,10000.0,10016.662550313928,8558.155635452129
2026-05-25 01:00:00+00:00,10000.0,10000.0,10016.662550313928,8535.1121890369
2026-05-25 02:00:00+00:00,10000.0,10000.0,10016.662550313928,8553.248337534493
2026-05-25 03:00:00+00:00,10000.0,10000.0,10016.662550313928,8544.14143972622
2026-05-25 04:00:00+00:00,10000.0,10000.0,10016.662550313928,8584.562311362452
2026-05-25 05:00:00+00:00,10000.0,10000.0,10016.662550313928,8586.32933794084
2026-05-25 06:00:00+00:00,10000.0,10000.0,10016.662550313928,8587.756935684962
2026-05-25 07:00:00+00:00,10000.0,10000.0,10016.662550313928,8585.67710214166
2026-05-25 08:00:00+00:00,10000.0,10000.0,10016.662550313928,8591.86890525564
2026-05-25 09:00:00+00:00,10000.0,10000.0,10016.662550313928,8608.243573397629
2026-05-25 10:00:00+00:00,10000.0,10000.0,10016.662550313928,8601.709013715712
2026-05-25 11:00:00+00:00,10000.0,10000.0,10016.662550313928,8580.838577386523
2026-05-25 12:00:00+00:00,10000.0,10000.0,10016.662550313928,8582.001065681661
2026-05-25 13:00:00+00:00,10000.0,10000.0,10016.662550313928,8579.013870091201
2026-05-25 14:00:00+00:00,10000.0,10000.0,10016.662550313928,8620.383145823174
2026-05-25 15:00:00+00:00,10000.0,10000.0,10016.662550313928,8610.934600691524
2026-05-25 16:00:00+00:00,10000.0,10000.0,10016.662550313928,8622.789097266068
2026-05-25 17:00:00+00:00,10000.0,10000.0,10016.662550313928,8603.745586721316
2026-05-25 18:00:00+00:00,10000.0,10000.0,10016.662550313928,8601.458324445963
2026-05-25 19:00:00+00:00,10000.0,10000.0,10016.662550313928,8590.19616446455
2026-05-25 20:00:00+00:00,10000.0,10000.0,10016.662550313928,8571.47211635205
2026-05-25 21:00:00+00:00,10000.0,10000.0,10016.662550313928,8581.895687448801
2026-05-25 22:00:00+00:00,10000.0,10000.0,10016.662550313928,8554.07361548448
2026-05-25 23:00:00+00:00,10000.0,10000.0,10016.662550313928,8576.901868455763
2026-05-26 00:00:00+00:00,10000.0,10000.0,10016.662550313928,8518.189554084041
2026-05-26 01:00:00+00:00,10000.0,10000.0,10016.662550313928,8514.226223283924
2026-05-26 02:00:00+00:00,10000.0,10000.0,10016.662550313928,8503.468769575687
2026-05-26 03:00:00+00:00,10000.0,10000.0,10016.662550313928,8503.913576642813
2026-05-26 04:00:00+00:00,10000.0,10000.0,10016.662550313928,8513.396508355716
2026-05-26 05:00:00+00:00,10000.0,10000.0,10016.662550313928,8533.419481843794
2026-05-26 06:00:00+00:00,10000.0,10000.0,10016.662550313928,8530.979143819652
2026-05-26 07:00:00+00:00,10000.0,10000.0,10016.662550313928,8511.32665801342
2026-05-26 08:00:00+00:00,10000.0,10000.0,10016.662550313928,8510.830825696698
2026-05-26 09:00:00+00:00,10000.0,10000.0,10016.662550313928,8504.820938689973
2026-05-26 10:00:00+00:00,10000.0,10000.0,10016.662550313928,8588.880600420627
2026-05-26 11:00:00+00:00,10000.0,10000.0,10016.662550313928,8561.543268327465
2026-05-26 12:00:00+00:00,10000.0,10000.0,10016.662550313928,8555.8805748669
2026-05-26 13:00:00+00:00,10000.0,10000.0,10016.662550313928,8566.868751442875
2026-05-26 14:00:00+00:00,10000.0,10000.0,10016.662550313928,8530.979143819652
2026-05-26 15:00:00+00:00,10000.0,10000.0,10016.662550313928,8487.728589319977
2026-05-26 16:00:00+00:00,10000.0,10000.0,10016.662550313928,8492.154475100124
2026-05-26 17:00:00+00:00,10000.0,10000.0,10016.662550313928,8423.057413191122
2026-05-26 18:00:00+00:00,10000.0,10000.0,10016.662550313928,8412.571724399211
2026-05-26 19:00:00+00:00,10000.0,10000.0,10016.662550313928,8436.026700544877
2026-05-26 20:00:00+00:00,10000.0,10000.0,10016.662550313928,8442.11201618144
2026-05-26 21:00:00+00:00,10000.0,10000.0,10016.662550313928,8418.056938730744
2026-05-26 22:00:00+00:00,10000.0,10000.0,10016.662550313928,8402.418808974226
2026-05-26 23:00:00+00:00,10000.0,10000.0,10016.662550313928,8422.495026201012
2026-05-27 00:00:00+00:00,10000.0,10000.0,10016.662550313928,8439.68831682564
2026-05-27 01:00:00+00:00,10000.0,10000.0,10016.662550313928,8416.66372756787
2026-05-27 02:00:00+00:00,10000.0,10000.0,10016.662550313928,8416.836769718673
2026-05-27 03:00:00+00:00,10000.0,10000.0,10016.662550313928,8395.095576412688
2026-05-27 04:00:00+00:00,10000.0,10000.0,10016.662550313928,8383.560542270396
2026-05-27 05:00:00+00:00,10000.0,10000.0,10016.662550313928,8396.758334002776
2026-05-27 06:00:00+00:00,10000.0,10000.0,10016.662550313928,8412.360967933488
2026-05-27 07:00:00+00:00,10000.0,10000.0,10016.662550313928,8427.726223529125
2026-05-27 08:00:00+00:00,10000.0,10000.0,10016.662550313928,8416.197844854172
2026-05-27 09:00:00+00:00,10000.0,10000.0,10016.662550313928,8420.563831428273
2026-05-27 10:00:00+00:00,10000.0,10000.0,10016.662550313928,8420.255461441586
2026-05-27 11:00:00+00:00,10000.0,10000.0,10016.662550313928,8404.655045999983
2026-05-27 12:00:00+00:00,10000.0,10000.0,10016.662550313928,8395.650198690904
2026-05-27 13:00:00+00:00,10000.0,10000.0,10016.662550313928,8327.47602825285
2026-05-27 14:00:00+00:00,10000.0,10000.0,10016.662550313928,8322.874881832788
2026-05-27 15:00:00+00:00,10000.0,10000.0,10016.662550313928,8355.496654992774
2026-05-27 16:00:00+00:00,10000.0,10000.0,10016.662550313928,8353.056316968632
2026-05-27 17:00:00+00:00,10000.0,10000.0,10016.662550313928,8303.851337690052
2026-05-27 18:00:00+00:00,10000.0,10000.0,10016.662550313928,8322.292528440663
2026-05-27 19:00:00+00:00,10000.0,10000.0,10016.662550313928,8326.664061237545
2026-05-27 20:00:00+00:00,10000.0,10000.0,10016.662550313928,8349.791810239065
2026-05-27 21:00:00+00:00,10000.0,10000.0,10016.662550313928,8260.87809432948
2026-05-27 22:00:00+00:00,10000.0,10000.0,10016.662550313928,8254.790560203806
2026-05-27 23:00:00+00:00,10000.0,10000.0,10016.662550313928,8258.248075486192
2026-05-28 00:00:00+00:00,10000.0,10000.0,10016.662550313928,8271.709867423
2026-05-28 01:00:00+00:00,10000.0,10000.0,10016.662550313928,8246.576604263459
2026-05-28 02:00:00+00:00,10000.0,10000.0,10016.662550313928,8240.291624606736
2026-05-28 03:00:00+00:00,10000.0,10000.0,10016.662550313928,8126.104880723503
2026-05-28 04:00:00+00:00,10000.0,10000.0,10016.662550313928,8117.667966627312
2026-05-28 05:00:00+00:00,10000.0,10000.0,10016.662550313928,8096.47252164309
2026-05-28 06:00:00+00:00,10000.0,10000.0,10016.662550313928,8119.9696490819
2026-05-28 07:00:00+00:00,10000.0,10000.0,10016.662550313928,8152.725640833212
2026-05-28 08:00:00+00:00,10000.0,10000.0,10016.662550313928,8133.633323527978
2026-05-28 09:00:00+00:00,10000.0,10000.0,10016.662550313928,8157.522014295207
2026-05-28 10:00:00+00:00,10000.0,10000.0,10016.662550313928,8141.856153424776
2026-05-28 11:00:00+00:00,10000.0,10000.0,10016.662550313928,8153.575322163438
2026-05-28 12:00:00+00:00,10000.0,10000.0,10016.662550313928,8154.945239190625
2026-05-28 13:00:00+00:00,10000.0,10000.0,10016.662550313928,8099.927818436363
2026-05-28 14:00:00+00:00,10000.0,10000.0,10016.662550313928,8101.152424426659
2026-05-28 15:00:00+00:00,10000.0,10000.0,10016.662550313928,8089.5796759694485
2026-05-28 16:00:00+00:00,10000.0,10000.0,10016.662550313928,8146.366341791214
2026-05-28 17:00:00+00:00,10000.0,10000.0,10016.662550313928,8159.028368402837
2026-05-28 18:00:00+00:00,10000.0,10000.0,10016.662550313928,8169.905620523168
2026-05-28 19:00:00+00:00,10000.0,10000.0,10016.662550313928,8143.99810466324
2026-05-28 20:00:00+00:00,10000.0,10000.0,10016.662550313928,8161.820336951367
2026-05-28 21:00:00+00:00,10000.0,10000.0,10016.662550313928,8188.14492876451
2026-05-28 22:00:00+00:00,10000.0,10000.0,10016.662550313928,8149.042948905873
2026-05-28 23:00:00+00:00,10000.0,10000.0,10016.662550313928,8165.982222527082
2026-05-29 00:00:00+00:00,10000.0,10000.0,10016.662550313928,8176.948214211927
2026-05-29 01:00:00+00:00,10000.0,10000.0,10016.662550313928,8162.579060227961
2026-05-29 02:00:00+00:00,10000.0,10000.0,10016.662550313928,8122.449919910072
2026-05-29 03:00:00+00:00,10000.0,10000.0,10016.662550313928,8130.931203788521
2026-05-29 04:00:00+00:00,10000.0,10000.0,10016.662550313928,8153.800498808392
2026-05-29 05:00:00+00:00,10000.0,10000.0,10016.662550313928,8175.797927606913
2026-05-29 06:00:00+00:00,10000.0,10000.0,10016.662550313928,8184.707379884141
2026-05-29 07:00:00+00:00,10000.0,10000.0,10016.662550313928,8156.115492197657
2026-05-29 08:00:00+00:00,10000.0,10000.0,10016.662550313928,8169.963301240101
2026-05-29 09:00:00+00:00,10000.0,10000.0,10016.662550313928,8180.119544398755
2026-05-29 10:00:00+00:00,10000.0,10000.0,10016.662550313928,8167.8823584522415
2026-05-29 11:00:00+00:00,10000.0,10000.0,10016.662550313928,8151.614177787672
2026-05-29 12:00:00+00:00,10000.0,10000.0,10016.662550313928,8130.288951190348
2026-05-29 13:00:00+00:00,10000.0,10000.0,10016.662550313928,8112.537710553833
2026-05-29 14:00:00+00:00,10000.0,10000.0,10016.662550313928,8108.228295452112
2026-05-29 15:00:00+00:00,10000.0,10000.0,10016.662550313928,8187.141062440943
2026-05-29 16:00:00+00:00,10000.0,10000.0,10016.662550313928,8214.676949309705
2026-05-29 17:00:00+00:00,10000.0,10000.0,10016.662550313928,8206.295497441339
2026-05-29 18:00:00+00:00,10000.0,10000.0,10016.662550313928,8139.028689050444
2026-05-29 19:00:00+00:00,10000.0,10000.0,10016.662550313928,8155.197037704936
2026-05-29 20:00:00+00:00,10000.0,10000.0,10016.662550313928,8172.205084488644
2026-05-29 21:00:00+00:00,10000.0,10000.0,10016.662550313928,8142.883313884032
2026-05-29 22:00:00+00:00,10000.0,10000.0,10016.662550313928,8151.119454715508
2026-05-29 23:00:00+00:00,10000.0,10000.0,10016.662550313928,8148.597032594192
2026-05-30 00:00:00+00:00,10000.0,10000.0,10016.662550313928,8152.81438039773
2026-05-30 01:00:00+00:00,10000.0,10000.0,10016.662550313928,8170.462461290495
2026-05-30 02:00:00+00:00,10000.0,10000.0,10016.662550313928,8184.748421932731
2026-05-30 03:00:00+00:00,10000.0,10000.0,10016.662550313928,8155.610785924484
2026-05-30 04:00:00+00:00,10000.0,10000.0,10016.662550313928,8142.170069634248
2026-05-30 05:00:00+00:00,10000.0,10000.0,10016.662550313928,8164.593448342436
2026-05-30 06:00:00+00:00,10000.0,10000.0,10016.662550313928,8162.37495922958
2026-05-30 07:00:00+00:00,10000.0,10000.0,10016.662550313928,8158.338418288739
2026-05-30 08:00:00+00:00,10000.0,10000.0,10016.662550313928,8156.282988125679
2026-05-30 09:00:00+00:00,10000.0,10000.0,10016.662550313928,8165.754827393017
2026-05-30 10:00:00+00:00,10000.0,10000.0,10016.662550313928,8170.235066156428
2026-05-30 11:00:00+00:00,10000.0,10000.0,10016.662550313928,8164.2640027091775
2026-05-30 12:00:00+00:00,10000.0,10000.0,10016.662550313928,8174.930498363788
2026-05-30 13:00:00+00:00,10000.0,10000.0,10016.662550313928,8189.476022232226
2026-05-30 14:00:00+00:00,10000.0,10000.0,10016.662550313928,8200.546282905376
2026-05-30 15:00:00+00:00,10000.0,10000.0,10016.662550313928,8200.660535094688
2026-05-30 16:00:00+00:00,10000.0,10000.0,10016.662550313928,8201.198518704558
2026-05-30 17:00:00+00:00,10000.0,10000.0,10016.662550313928,8210.635971390644
2026-05-30 18:00:00+00:00,10000.0,10000.0,10016.662550313928,8213.221620451677
2026-05-30 19:00:00+00:00,10000.0,10000.0,10016.662550313928,8210.256609752345
2026-05-30 20:00:00+00:00,10000.0,10000.0,10016.662550313928,8206.173480540134
2026-05-30 21:00:00+00:00,10000.0,10000.0,10016.662550313928,8206.411968119768
2026-05-30 22:00:00+00:00,10000.0,10000.0,10016.662550313928,8195.464833592381
2026-05-30 23:00:00+00:00,10000.0,10000.0,10016.662550313928,8195.584632004477
2026-05-31 00:00:00+00:00,10000.0,10000.0,10016.662550313928,8212.647031771448
2026-05-31 01:00:00+00:00,10000.0,10000.0,10016.662550313928,8214.844445237732
2026-05-31 02:00:00+00:00,10000.0,10000.0,10016.662550313928,8218.486095116485
2026-05-31 03:00:00+00:00,10000.0,10000.0,10016.662550313928,8225.119377563924
2026-05-31 04:00:00+00:00,10000.0,10000.0,10016.662550313928,8228.198640452567
2026-05-31 05:00:00+00:00,10000.0,10000.0,10016.662550313928,8214.619268592778
2026-05-31 06:00:00+00:00,10000.0,10000.0,10016.662550313928,8214.496142447015
2026-05-31 07:00:00+00:00,10000.0,10000.0,10016.662550313928,8194.127084657332
2026-05-31 08:00:00+00:00,10000.0,10000.0,10016.662550313928,8201.489140778342
2026-05-31 09:00:00+00:00,10000.0,10000.0,10016.662550313928,8190.8603594386495
2026-05-31 10:00:00+00:00,10000.0,10000.0,10016.662550313928,8197.317272001615
2026-05-31 11:00:00+00:00,10000.0,10000.0,10016.662550313928,8201.509107180356
2026-05-31 12:00:00+00:00,10000.0,10000.0,10016.662550313928,8199.535761114472
2026-05-31 13:00:00+00:00,10000.0,10000.0,10016.662550313928,8194.300126808133
2026-05-31 14:00:00+00:00,10000.0,10000.0,10016.662550313928,8164.280641377527
2026-05-31 15:00:00+00:00,10000.0,10000.0,10016.662550313928,8170.164074504821
2026-05-31 16:00:00+00:00,10000.0,10000.0,10016.662550313928,8155.847055015007
2026-05-31 17:00:00+00:00,10000.0,10000.0,10016.662550313928,8176.1795077343295
2026-05-31 18:00:00+00:00,10000.0,10000.0,10016.662550313928,8164.449246550105
2026-05-31 19:00:00+00:00,10000.0,10000.0,10016.662550313928,8159.98231872137
2026-05-31 20:00:00+00:00,10000.0,10000.0,10016.662550313928,8179.531644783854
2026-05-31 21:00:00+00:00,10000.0,10000.0,10016.662550313928,8196.48755707341
2026-05-31 22:00:00+00:00,10000.0,10000.0,10016.662550313928,8202.266721212396
2026-05-31 23:00:00+00:00,10000.0,10000.0,10016.662550313928,8172.291605564048
2026-06-01 00:00:00+00:00,10000.0,10000.0,10016.662550313928,8195.653405166973
2026-06-01 01:00:00+00:00,10000.0,10000.0,10016.662550313928,8129.977253469995
2026-06-01 02:00:00+00:00,10000.0,10000.0,10016.662550313928,8185.115581880909
2026-06-01 03:00:00+00:00,10000.0,10000.0,10016.662550313928,8182.79282377975
2026-06-01 04:00:00+00:00,10000.0,10000.0,10016.662550313928,8156.9418793922
2026-06-01 05:00:00+00:00,10000.0,10000.0,10016.662550313928,8136.308821398086
2026-06-01 06:00:00+00:00,10000.0,10000.0,10016.662550313928,8112.5421475320645
2026-06-01 07:00:00+00:00,10000.0,10000.0,10016.662550313928,8077.297010996127
2026-06-01 08:00:00+00:00,10000.0,10000.0,10016.662550313928,8086.686766166288
2026-06-01 09:00:00+00:00,10000.0,10000.0,10016.662550313928,8084.17432724598
2026-06-01 10:00:00+00:00,10000.0,10000.0,10016.662550313928,8069.629912622099
2026-06-01 11:00:00+00:00,10000.0,10000.0,10016.662550313928,8039.803435744313
2026-06-01 12:00:00+00:00,10000.0,10000.0,10016.662550313928,8011.156085830007
2026-06-01 13:00:00+00:00,10000.0,10000.0,10016.662550313928,7954.602361365091
2026-06-01 14:00:00+00:00,10000.0,10000.0,10016.662550313928,7938.631458241645
2026-06-01 15:00:00+00:00,10000.0,10000.0,10016.662550313928,7890.01437857797
2026-06-01 16:00:00+00:00,10000.0,10000.0,10016.662550313928,7938.198852864637
2026-06-01 17:00:00+00:00,10000.0,10000.0,10016.662550313928,7947.294658227346
2026-06-01 18:00:00+00:00,10000.0,10000.0,10016.662550313928,7930.947721199271
2026-06-01 19:00:00+00:00,10000.0,10000.0,10016.662550313928,7941.663023614364
2026-06-01 20:00:00+00:00,10000.0,10000.0,10016.662550313928,7925.108657854234
2026-06-01 21:00:00+00:00,10000.0,10000.0,10016.662550313928,7879.852589196535
2026-06-01 22:00:00+00:00,10000.0,10000.0,10016.662550313928,7920.893528539807
2026-06-01 23:00:00+00:00,10000.0,10000.0,10016.662550313928,7920.993360549885
2026-06-02 00:00:00+00:00,10000.0,10000.0,10016.662550313928,7907.719030943114
2026-06-02 01:00:00+00:00,10000.0,10000.0,10016.662550313928,7837.086774568017
2026-06-02 02:00:00+00:00,10000.0,10000.0,10016.662550313928,7858.608337451829
2026-06-02 03:00:00+00:00,10000.0,10000.0,10016.662550313928,7870.499439096734
2026-06-02 04:00:00+00:00,10000.0,10000.0,10016.662550313928,7854.560704065423
2026-06-02 05:00:00+00:00,10000.0,10000.0,10016.662550313928,7794.546136584454
2026-06-02 06:00:00+00:00,10000.0,10000.0,10016.662550313928,7776.504273874154
2026-06-02 07:00:00+00:00,10000.0,10000.0,10016.662550313928,7777.847569031987
2026-06-02 08:00:00+00:00,10000.0,10000.0,10016.662550313928,7744.966232645798
2026-06-02 09:00:00+00:00,10000.0,10000.0,10016.662550313928,7701.042366700369
2026-06-02 10:00:00+00:00,10000.0,10000.0,10016.662550313928,7726.131260077654
2026-06-02 11:00:00+00:00,10000.0,10000.0,10016.662550313928,7705.003479011373
2026-06-02 12:00:00+00:00,10000.0,10000.0,10016.662550313928,7654.943272179785
2026-06-02 13:00:00+00:00,10000.0,10000.0,10016.662550313928,7632.923658490137
2026-06-02 14:00:00+00:00,10000.0,10000.0,10016.662550313928,7545.003825703113
2026-06-02 15:00:00+00:00,10000.0,10000.0,10016.662550313928,7465.690621429411
2026-06-02 16:00:00+00:00,10000.0,10000.0,10016.662550313928,7477.799135007378
2026-06-02 17:00:00+00:00,10000.0,10000.0,10016.662550313928,7486.551074557592
2026-06-02 18:00:00+00:00,10000.0,10000.0,10016.662550313928,7469.873582651701
2026-06-02 19:00:00+00:00,10000.0,10000.0,10016.662550313928,7466.895261017693
2026-06-02 20:00:00+00:00,10000.0,10000.0,10016.662550313928,7497.136595359585
2026-06-02 21:00:00+00:00,10000.0,10000.0,10016.662550313928,7494.722879204797
2026-06-02 22:00:00+00:00,10000.0,10000.0,10016.662550313928,7363.742172737246
2026-06-02 23:00:00+00:00,10000.0,10000.0,10016.662550313928,7405.408726010344
2026-06-03 00:00:00+00:00,10000.0,10000.0,10016.662550313928,7425.062321061131
2026-06-03 01:00:00+00:00,10000.0,10000.0,10016.662550313928,7423.064571615005
2026-06-03 02:00:00+00:00,10000.0,10000.0,10016.662550313928,7389.788344166725
2026-06-03 03:00:00+00:00,10000.0,10000.0,10016.662550313928,7304.364311631663
2026-06-03 04:00:00+00:00,10000.0,10000.0,10016.662550313928,7372.702650264069
2026-06-03 05:00:00+00:00,10000.0,10000.0,10016.662550313928,7468.544707673102
2026-06-03 06:00:00+00:00,10000.0,10000.0,10016.662550313928,7430.082761923524
2026-06-03 07:00:00+00:00,10000.0,10000.0,10016.662550313928,7456.345236041509
2026-06-03 08:00:00+00:00,10000.0,10000.0,10016.662550313928,7435.044412824426
2026-06-03 09:00:00+00:00,10000.0,10000.0,10016.662550313928,7440.276719397095
2026-06-03 10:00:00+00:00,10000.0,10000.0,10016.662550313928,7464.60799874234
2026-06-03 11:00:00+00:00,10000.0,10000.0,10016.662550313928,7439.411508643081
2026-06-03 12:00:00+00:00,10000.0,10000.0,10016.662550313928,7440.670501214627
2026-06-03 13:00:00+00:00,10000.0,10000.0,10016.662550313928,7421.512738480561
2026-06-03 14:00:00+00:00,10000.0,10000.0,10016.662550313928,7416.95818033187
2026-06-03 15:00:00+00:00,10000.0,10000.0,10016.662550313928,7329.445440297054
2026-06-03 16:00:00+00:00,10000.0,10000.0,10016.662550313928,7327.872531516041
2026-06-03 17:00:00+00:00,10000.0,10000.0,10016.662550313928,7317.029665976958
2026-06-03 18:00:00+00:00,10000.0,10000.0,10016.662550313928,7325.070579766504
2026-06-03 19:00:00+00:00,10000.0,10000.0,10016.662550313928,7261.336715287831
2026-06-03 20:00:00+00:00,10000.0,10000.0,10016.662550313928,7210.896037573388
2026-06-03 21:00:00+00:00,10000.0,10000.0,10016.662550313928,7295.377212235488
2026-06-03 22:00:00+00:00,10000.0,10000.0,10016.662550313928,7200.4369706508305
2026-06-03 23:00:00+00:00,10000.0,10000.0,10016.662550313928,7114.999627181092
2026-06-04 00:00:00+00:00,10000.0,10000.0,10016.662550313928,7026.506314958395
2026-06-04 01:00:00+00:00,10000.0,10000.0,10016.662550313928,6897.071895402503
2026-06-04 02:00:00+00:00,10000.0,10000.0,10016.662550313928,7013.974069959874
2026-06-04 03:00:00+00:00,10000.0,10000.0,10016.662550313928,7139.48509151968
2026-06-04 04:00:00+00:00,10000.0,10000.0,10016.662550313928,7143.533834150641
2026-06-04 05:00:00+00:00,10000.0,10000.0,10016.662550313928,7094.225695128313
2026-06-04 06:00:00+00:00,10000.0,10000.0,10016.662550313928,7102.269936651529
2026-06-04 07:00:00+00:00,10000.0,10000.0,10016.662550313928,7055.14479091625
2026-06-04 08:00:00+00:00,10000.0,10000.0,10016.662550313928,7058.122003305702
